method,sample_id,endpoint_distance,support_distance,excess_length,turning_degrees
triad,0,0.0217309407889843,0.03668774152934981,0.0013475418090820312,115.63053275641781
triad,1,0.023829778656363487,0.06874367957393271,0.012445390224456787,235.17638605954156
triad,2,0.01024747546762228,0.0357412849926391,0.04195362329483032,208.68177646893682
triad,3,0.009528743103146553,0.09154498406515897,0.042327165603637695,127.10545798090958
triad,4,0.017653731629252434,0.0701109975961137,0.01738870143890381,111.43492291274546
triad,5,0.003450237214565277,0.005464368955334246,0.00046312808990478516,41.04721180608165
triad,6,0.008041693828999996,0.011392963950649123,0.001508563756942749,43.344801205624016
triad,7,0.022897301241755486,0.021657367646576064,0.0028879642486572266,117.07242841247312
triad,8,0.011728105135262012,0.033837968343992046,0.0020793676376342773,44.24074637915149
triad,9,0.01625550352036953,0.008618187552595576,0.004744172096252441,66.29315543657476
triad,10,0.01494481973350048,0.014948206316442498,0.0004451274871826172,36.204070358463326
triad,11,0.01413785945624113,0.06373587218736211,0.06940969824790955,154.41917886655736
triad,12,0.016494153067469597,0.005389522923089942,0.004710257053375244,153.65960172890004
triad,13,0.013495010323822498,0.02304718709795917,0.0048378705978393555,66.23861072880504
triad,14,0.02023458480834961,0.03644757754629252,0.0023877620697021484,44.92098353734109
triad,15,0.009938260540366173,0.0067899502353505736,0.0020748674869537354,124.49595666506457
triad,16,0.011052019894123077,0.014134430475342595,0.009556546807289124,301.2790204000647
triad,17,0.012394414283335209,0.03800469942157762,0.0016172528266906738,117.46292968325616
triad,18,0.015429534018039703,0.06065073498161579,0.026772379875183105,117.27293244731915
triad,19,0.008897495456039906,0.04079858739148202,0.0011127591133117676,140.97078360120187
triad,20,0.018807189539074898,0.06360705324239567,0.03844904899597168,113.0478667260498
triad,21,0.01725512556731701,0.01999061951577568,0.003713369369506836,57.373926951035834
triad,22,0.009917779825627804,0.03373605757868013,0.017037510871887207,80.84459986395593
triad,23,0.012909703887999058,0.0035200258390563916,0.0016399621963500977,52.63467318489734
triad,24,0.0008034969214349985,0.026090812871274176,0.03609287738800049,133.0939498340426
triad,25,0.002365290420129895,0.008740319872477729,0.00029909610748291016,40.75634270622777
triad,26,0.024445872753858566,0.04606535494276923,0.020727097988128662,120.47412046852784
triad,27,0.011087488383054733,0.015270744293227403,0.0024649500846862793,37.15809841815537
triad,28,0.011720978654921055,0.014301554880502484,0.011457204818725586,185.29674623163356
triad,29,0.04123101010918617,0.016509918542055167,0.08614885807037354,137.08585779229116
triad,30,0.013988359831273556,0.05914269694150203,0.018072545528411865,134.7986708635633
triad,31,0.007424857467412949,0.009644878050869193,0.0010097026824951172,37.64513285448707
triad,32,0.008131119422614574,0.004265524216025901,0.021555185317993164,187.1273294469306
triad,33,0.015016479417681694,0.026959425082740726,0.0019370317459106445,59.29994829024031
triad,34,0.01546154823154211,0.06064610619411943,0.013243675231933594,166.9437957355928
triad,35,0.010323571972548962,0.04956279777735702,0.006753087043762207,123.37078296716106
triad,36,0.011783327907323837,0.020589838267445065,0.0010346770286560059,78.42269236281379
triad,37,0.005172541830688715,0.01291837686190699,0.025832951068878174,130.5667678184603
triad,38,0.015062129124999046,0.017823239846240988,0.015834450721740723,80.20258339858205
triad,39,0.009740803390741348,0.031117044357410674,0.012916922569274902,78.18743062057456
triad,40,0.013471859507262707,0.030577462770089856,0.02915745973587036,143.46769197256518
triad,41,0.01692277006804943,0.06093630846891577,0.006632685661315918,151.33134079008252
triad,42,0.014919345267117023,0.0031487227893893374,0.000985562801361084,58.917259621663334
triad,43,0.014694390818476677,0.04797186008363538,0.03260326385498047,153.6715365415387
triad,44,0.004271028097718954,0.015557591730619102,0.004278033971786499,83.12536930230921
triad,45,0.02881704270839691,0.1136627456855775,0.020386576652526855,185.84225612548536
triad,46,0.01654757186770439,0.010438457327979702,0.01254415512084961,73.86661745096289
triad,47,0.017098579555749893,0.024755804683052957,0.013246357440948486,139.606051727006
triad,48,0.016681568697094917,0.010295720302062715,0.0027998685836791992,57.091507247464364
triad,49,0.006157384719699621,0.011627727666795793,0.0010336637496948242,51.75232229341834
triad,50,0.03426612541079521,0.06172717923342988,0.041910767555236816,182.39982935808584
triad,51,0.010370688512921333,0.007584425281744672,0.000879824161529541,46.90217188563942
triad,52,0.019550614058971405,0.047617440661459697,0.07277679443359375,163.6698622710601
triad,53,0.006403669714927673,0.03109778365034457,0.012151777744293213,107.98348161934395
triad,54,0.002739034593105316,0.02271242619881336,0.025253355503082275,111.40011136934821
triad,55,0.004037473350763321,0.05173856713800486,0.02092289924621582,99.69086157302797
triad,56,0.004522353410720825,0.04533822047750693,0.010664403438568115,107.3384796683597
triad,57,0.008348400704562664,0.005561179319150142,0.034642696380615234,132.8287671389292
triad,58,0.008913603611290455,0.016826365417056934,0.015371382236480713,123.63968878537338
triad,59,0.018942562863230705,0.024776004285528164,0.010155677795410156,58.92047099711036
triad,60,0.015328519977629185,0.05047237065370642,0.00936824083328247,173.53234842568307
triad,61,0.008251320570707321,0.008226702862260482,0.0009143948554992676,67.50691694496295
triad,62,0.024889754131436348,0.022607655078087995,0.040128111839294434,139.79255785568307
triad,63,0.014657909981906414,0.04796775174323779,0.013754427433013916,123.48228064561305
triad,64,0.011178719811141491,0.0026860935889472482,0.0009623169898986816,49.75878847643353
triad,65,0.02242708019912243,0.08183171861322702,0.03809434175491333,100.64163078997814
triad,66,0.006623274181038141,0.08009818627895822,0.041068196296691895,136.1129064702399
triad,67,0.003442612010985613,0.011598652330216726,0.0022017359733581543,44.98743295125059
triad,68,0.004672883078455925,0.0664735186421457,0.009414196014404297,124.16467139843536
triad,69,0.017976660281419754,0.04990481314450597,0.03898090124130249,159.1669597929742
triad,70,0.01939375139772892,0.011226312150685007,0.009142875671386719,83.41929846283148
triad,71,0.015093041583895683,0.046300037167171966,0.038086771965026855,115.21785635069338
triad,72,0.025544986128807068,0.11683048985320135,0.02865457534790039,182.31580623615824
triad,73,0.010242513380944729,0.02439259915029018,0.004557669162750244,48.45321796570036
triad,74,0.009274688549339771,0.055598140046926196,0.05246812105178833,121.18464664305706
triad,75,0.011349465698003769,0.033753727626646135,0.011394321918487549,80.90383389138853
triad,76,0.018609268590807915,0.026910648792750205,0.010518789291381836,129.21536442659425
triad,77,0.011106169782578945,0.031155672980124956,0.0007699131965637207,63.15547999388257
triad,78,0.01753939315676689,0.013075468408254656,0.00944143533706665,91.85540816242441
triad,79,0.011766466312110424,0.026833253903421856,0.0017199516296386719,74.20609437989783
triad,80,0.007443858310580254,0.01856158128376907,0.001828610897064209,59.329773554845296
triad,81,0.009952060878276825,0.04053540229432456,0.0002961158752441406,46.79646144524494
triad,82,0.017425520345568657,0.05608692792184972,0.008526921272277832,190.93958728975917
triad,83,0.008523576892912388,0.028526022524233963,0.06414476037025452,175.9617647387877
triad,84,0.026444394141435623,0.10488252514747212,0.02433764934539795,151.73585784170442
triad,85,0.005373007617890835,0.05153540124997962,0.010681450366973877,115.97146686919189
triad,86,0.010165952146053314,0.015373055685048969,0.0004407167434692383,38.61672498237282
triad,87,0.0031750600319355726,0.007419619451620051,0.03179585933685303,180.55758079905715
triad,88,0.007690124679356813,0.031525770086970197,0.0026907920837402344,82.7328548881191
triad,89,0.012743646278977394,0.004266443820056053,0.001793503761291504,54.08103327748725
triad,90,0.001809065928682685,0.0013518487424395045,0.00044989585876464844,45.38536169358165
triad,91,0.009174294769763947,0.02847238226203442,0.005779445171356201,57.035941522449406
triad,92,0.016264045611023903,0.04678383474312819,0.009262323379516602,86.26657332906707
triad,93,0.011281996965408325,0.006668514884632244,0.00043469667434692383,47.3075676900967
triad,94,0.029315447434782982,0.11266611596992451,0.04805082082748413,162.26732049955257
triad,95,0.0014591754879802465,0.009976570001147626,0.00029009580612182617,41.808358054664126
triad,96,0.004465023055672646,0.06433057911419397,0.019878923892974854,129.34869402838652
triad,97,0.005968856625258923,0.07835097914597432,0.017294645309448242,136.24743330925634
triad,98,0.012185679748654366,0.04913741927296139,0.005381584167480469,146.98755226883154
triad,99,0.009336055256426334,0.020522959310609396,0.014327526092529297,79.26502024815176
triad,100,0.011571131646633148,0.039930677299354095,0.005720973014831543,73.70535366695337
triad,101,0.014550702646374702,0.042518972627161845,0.012092530727386475,158.93936343796878
triad,102,0.026356853544712067,0.08686327658915806,0.03975558280944824,172.84406826375462
triad,103,0.0016232451889663935,0.04471711662913687,0.016869068145751953,107.27303834551091
triad,104,0.01974516361951828,0.07962877194339113,0.06147149205207825,143.2991506803173
triad,105,0.007992949336767197,0.011380291140965507,0.0023140907287597656,61.917569317322936
triad,106,0.004968317691236734,0.01855909750456528,0.00835651159286499,79.63803604986678
triad,107,0.01898551732301712,0.01710516699278861,0.014632344245910645,108.38780904357125
triad,108,0.004811369813978672,0.022240469791740467,0.00505518913269043,67.19855015283945
triad,109,0.009596923366189003,0.006400063142539208,0.0001342296600341797,33.35483685978529
triad,110,0.0208321250975132,0.0022532498308967075,0.0177534818649292,90.71958410070675
triad,111,0.00855337642133236,0.022413977358034645,0.045533686876297,162.68566059922762
triad,112,0.007624576333910227,0.03702427772644523,0.008412837982177734,92.51076745091952
triad,113,0.0054086619056761265,0.04597431754707862,0.005278587341308594,87.50170502464833
triad,114,0.016266297549009323,0.016406309711829416,0.010445654392242432,89.37423625459618
triad,115,0.006161673925817013,0.016100598859564514,0.0023497939109802246,58.18198748164639
triad,116,0.010792071931064129,0.011385195764363101,0.00018131732940673828,32.34717614196214
triad,117,0.01467155572026968,0.04848307658918578,0.010031342506408691,86.89714647808876
triad,118,0.0030028722248971462,0.03152321102202717,0.0088919997215271,85.71565234462831
triad,119,0.007774172350764275,0.0036107989639479654,0.0104752779006958,131.47467155900168
triad,120,0.023318499326705933,0.06594972821998336,0.03717637062072754,145.82867343375435
triad,121,0.010164844803512096,0.03492043929707517,0.006740450859069824,74.35011795710781
triad,122,0.00718342000618577,0.04022290275081952,0.0007939338684082031,56.12191692958528
triad,123,0.016838282346725464,0.056863818771020196,0.009582698345184326,170.87093457806532
triad,124,0.024416059255599976,0.036911790842827294,0.0364069938659668,109.635881364576
triad,125,0.0068279136903584,0.022213627555280942,0.0018402338027954102,45.78468508391798
triad,126,0.02175375260412693,0.040919627544556386,0.014633774757385254,197.8236059350937
triad,127,0.00877485889941454,0.023227717972571373,0.001711428165435791,57.44420502655289
triad,128,0.007029106840491295,0.00337112678561838,0.005188345909118652,77.34218244384233
triad,129,0.004875198472291231,0.04915553227285254,0.014595508575439453,115.07420578632049
triad,130,0.00914409477263689,0.016258466766595682,0.0038216114044189453,69.85726951351344
triad,131,0.00976698100566864,0.02222136521241513,0.008438467979431152,169.32808683811407
triad,132,0.031374942511320114,0.11149461287897909,0.05036741495132446,158.16083441308953
triad,133,0.01521235704421997,0.08081824126851032,0.0683501660823822,311.2216788973255
triad,134,0.006115259602665901,0.0020367146304814316,0.02393442392349243,114.58740386776327
triad,135,0.008334700018167496,0.01699613679226788,0.012171030044555664,74.85761570110246
triad,136,0.021704798564314842,0.11707270074023847,0.06410634517669678,138.70482714731918
triad,137,0.02317158691585064,0.011644669151878189,0.039018213748931885,173.29909723830556
triad,138,0.021778486669063568,0.04773517058723111,0.012596726417541504,187.2797353784658
triad,139,0.012215705588459969,0.00793162158506802,0.005311012268066406,57.98684866225965
triad,140,0.011528328992426395,0.08450958106179883,0.04385077953338623,116.29133090821371
triad,141,0.00935463048517704,0.03791928747338086,0.0415688157081604,157.14424180133938
triad,142,0.010666110552847385,0.025626961002641318,0.0014856457710266113,39.193034249847344
triad,143,0.019570304080843925,0.01579111005817138,0.012369513511657715,98.65590275782309
triad,144,0.007028654217720032,0.024888999306767783,0.0026015639305114746,62.398595227671656
triad,145,0.005391179583966732,0.006734225487835081,0.014094144105911255,272.58982710605414
triad,146,0.014510626904666424,0.06770021253730932,0.05692341923713684,147.7775771157172
triad,147,0.005204256158322096,0.010655171412819771,0.00035434961318969727,41.2111152146808
triad,148,0.02189452573657036,0.01818975698051236,0.016177773475646973,99.99258034661777
triad,149,0.01135721243917942,0.00888062522692323,0.012670636177062988,92.93148461647944
triad,150,0.013725776225328445,0.005035474904873173,0.0011913776397705078,49.785329957998016
triad,151,0.0099253561347723,0.003080256364396621,0.03730136156082153,129.6895885415343
triad,152,0.014294671826064587,0.0581148328533089,0.0060988664627075195,93.14325459669945
triad,153,0.02110743336379528,0.01040127852551118,0.019049346446990967,156.59055436095935
triad,154,0.016470249742269516,0.048333433453385456,0.005138516426086426,98.94058997642783
triad,155,0.025550639256834984,0.0482305499723718,0.06142660975456238,220.38117812703248
triad,156,0.007596980780363083,0.005882948983433542,0.012354552745819092,208.14048197951857
triad,157,0.0038665218744426966,0.01997936162553758,0.00021505355834960938,50.77396322785586
triad,158,0.014573652297258377,0.010944873340443176,0.0002472996711730957,20.963110602047895
triad,159,0.016854962334036827,0.02935575621139916,0.0030428171157836914,124.06984247493243
triad,160,0.010618980973958969,0.04451665572921762,0.04009076952934265,154.89580346017732
triad,161,0.01032940298318863,0.03809802938907438,0.0019322037696838379,73.12177567776597
triad,162,0.00866912491619587,0.001282789673982059,0.0002682209014892578,38.45699635244517
triad,163,0.010819108225405216,0.012743023631351534,0.012066841125488281,91.12292274236422
triad,164,0.0031737645622342825,0.01443692854992704,0.006613492965698242,203.49969245406916
triad,165,0.018720000982284546,0.06349311964452276,0.03205984830856323,206.8368815881276
triad,166,0.019823836162686348,0.06095304742994506,0.07652352750301361,179.0567454574212
triad,167,0.010423211380839348,0.009761067622712626,0.005688786506652832,65.61288740655249
triad,168,0.00500620249658823,0.009375914385300436,0.00031685829162597656,25.049677938641562
triad,169,0.011820485815405846,0.03917542900953277,0.11509153246879578,207.32114579844134
triad,170,0.010319001972675323,0.01589528762797188,0.0005658864974975586,45.4514265688257
triad,171,0.005658596288412809,0.01723740051554158,0.0035361051559448242,65.36793677358733
triad,172,0.026321114972233772,0.05304514181820276,0.04092332720756531,219.88497130474232
triad,173,0.012897070497274399,0.03279610347151323,0.0112762451171875,63.73846895010361
triad,174,0.012766221538186073,0.044248967465661884,0.003557443618774414,70.85131707541132
triad,175,0.0034508928656578064,0.008155528060560297,0.012791156768798828,185.9760100930843
triad,176,0.001992109464481473,0.05702474285992824,0.008479118347167969,98.76518212746312
triad,177,0.012413574382662773,0.005418458915743531,0.0020613670349121094,65.73687285897705
triad,178,0.0007429287652485073,0.04930064213603776,0.005761504173278809,82.95172138077034
triad,179,0.013347628526389599,0.06347794093757358,0.017388224601745605,103.57431403416616
triad,180,0.019260959699749947,0.003946199722026353,0.019775688648223877,196.21751043860817
triad,181,0.021471478044986725,0.008977700915273532,0.003628075122833252,116.80075528733089
triad,182,0.032917849719524384,0.05996742587514817,0.11261320114135742,202.97053625711692
triad,183,0.010077434591948986,0.008921192686771492,0.0044577717781066895,63.65399565602765
triad,184,0.008954688906669617,0.01644276907226017,0.001959085464477539,55.71255132338037
triad,185,0.007102460600435734,0.026022637737037238,0.001484990119934082,80.05098422683402
triad,186,0.018446654081344604,0.05749681986133016,0.013051986694335938,181.3341469547521
triad,187,0.007246859837323427,0.02503373633660176,0.011298969388008118,334.8237847137208
triad,188,0.015477845445275307,0.05717292124247486,0.019066691398620605,98.55619936263639
triad,189,0.013440318405628204,0.02669117282289042,0.10844962298870087,167.3359700667342
triad,190,0.023780671879649162,0.014781606228343817,0.014642179012298584,105.93278306818318
triad,191,0.022403987124562263,0.018266252831127296,0.012172400951385498,165.84168144984042
triad,192,0.006536799483001232,0.013355762685977551,0.0069353580474853516,76.57489782607416
triad,193,0.009331307373940945,0.01060055715348082,0.0026792287826538086,69.70434966451936
triad,194,0.011143025010824203,0.051334756552732744,0.04317206144332886,154.62018712347088
triad,195,0.002210842212662101,0.012278172616327304,0.0004024505615234375,45.590400927222205
triad,196,0.001389404758810997,0.0023026570542926074,0.0004864037036895752,83.24108351068745
triad,197,0.01509691122919321,0.004600641301944404,0.004117041826248169,170.78401619188458
triad,198,0.019869819283485413,0.0507738753562595,0.014250874519348145,203.29162745177882
triad,199,0.016335003077983856,0.06561215228093027,0.02019214630126953,106.48303094025292
triad,200,0.01584342122077942,0.008981857468643157,0.005776882171630859,70.03183661902712
triad,201,0.02964400127530098,0.10062534816373132,0.029883146286010742,172.75085074908947
triad,202,0.018190480768680573,0.02864750028860338,0.006734490394592285,84.55581375390602
triad,203,0.016081657260656357,0.0731689788294403,0.06611452996730804,318.55632451008125
triad,204,0.006721794605255127,0.020957519279903317,0.005836904048919678,73.88383168285571
triad,205,0.0074785067699849606,0.014103659304526284,0.0018245577812194824,56.88657505125681
triad,206,0.023170603439211845,0.10109279789639192,0.03309589624404907,167.41679885674665
triad,207,0.013905242085456848,0.02764204135018317,0.01848006248474121,106.87392872430283
triad,208,0.008238784968852997,0.04015782847750611,0.008714795112609863,140.4774409864602
triad,209,0.0040276022627949715,0.013764708682066168,0.0042555928230285645,67.02173517553345
triad,210,0.021504005417227745,0.022183682037675304,0.021197378635406494,112.24267312898384
triad,211,0.014653987251222134,0.005254727896127937,0.0190889835357666,267.555980338283
triad,212,0.016068803146481514,0.055847000354334146,0.0005308389663696289,53.27513605314161
triad,213,0.0061166551895439625,0.06295343538733332,0.007258176803588867,125.11393572882943
triad,214,0.005440214183181524,0.020717159666766728,0.003292679786682129,67.34231357280349
triad,215,0.01645539328455925,0.02290961443492372,0.011278033256530762,81.49303593328615
triad,216,0.024695584550499916,0.07223205258104927,0.01823025941848755,216.8944282412631
triad,217,0.022473063319921494,0.09689904658567332,0.02627694606781006,150.8966714330971
triad,218,0.02242138609290123,0.017131004842731144,0.025500059127807617,119.53334627157231
triad,219,0.021801581606268883,0.07349476604906138,0.0015833377838134766,181.13448352966628
triad,220,0.007673637475818396,0.02315606492279081,0.0029161572456359863,68.3032630532794
triad,221,0.026676436886191368,0.12072447077651087,0.04238152503967285,169.73359439522812
triad,222,0.014556549489498138,0.03169439168227869,0.006615340709686279,138.41482881736357
triad,223,0.01314662303775549,0.009686809723905903,0.058690428733825684,178.9390954601765
triad,224,0.02043970301747322,0.024233319870323535,0.016095399856567383,112.24865943738276
triad,225,0.013202699832618237,0.01378353559814891,0.013713717460632324,100.98000887229148
triad,226,0.01634526625275612,0.028414052558079553,0.003470182418823242,77.5226642680643
triad,227,0.011880085803568363,0.008331348874797027,0.009729862213134766,159.74498236968293
triad,228,0.005939075723290443,0.011119099983373312,0.007655501365661621,89.92928987830572
triad,229,0.030743468552827835,0.06568525885175512,0.04221081733703613,114.32561062341428
triad,230,0.026273153722286224,0.0944577952996404,0.02882230281829834,181.3620724044434
triad,231,0.012524604797363281,0.06274973427612475,0.021580815315246582,130.2269755067063
triad,232,0.014940794557332993,0.033522095373760816,0.006732046604156494,53.58508646652143
triad,233,0.02175608091056347,0.09639780867250142,0.036534130573272705,164.20905958612622
triad,234,0.008755081333220005,0.020551079988136486,0.0019773244857788086,57.44070944702151
triad,235,0.012471136637032032,0.060918283709621074,0.01384437084197998,182.2970152537569
triad,236,0.010439887642860413,0.025803570821758187,0.00040268898010253906,35.67866177808192
triad,237,0.015261669643223286,0.028715392756168284,0.015429362654685974,238.87757772689753
triad,238,0.011711359024047852,0.10714287188160788,0.03947746753692627,133.95924583392
triad,239,0.013566342182457447,0.05059494602865882,0.04333162307739258,166.16567293899868
triad,240,0.01846930757164955,0.018881652468212315,0.009056031703948975,166.1394768660527
triad,241,0.0033732589799910784,0.023367314229480855,0.01799243688583374,234.33798379068872
triad,242,0.005863989237695932,0.022889836777069322,0.017870306968688965,148.98645968838872
triad,243,0.01703161559998989,0.03569317388252491,0.009505271911621094,97.68881221489792
triad,244,0.019315971061587334,0.06255621991767761,0.012026011943817139,143.95267305301465
triad,245,0.010857393965125084,0.022610771754512614,0.008171647787094116,103.37994260978397
triad,246,0.010281965136528015,0.05493266321780425,0.014048874378204346,134.63380829588374
triad,247,0.020619357004761696,0.013153300434692023,0.022851943969726562,107.48909671213546
triad,248,0.010340702719986439,0.07584658200631149,0.044088900089263916,124.2307118971449
triad,249,0.012511909008026123,0.012484638494696103,0.00061798095703125,49.63642374165542
triad,250,0.010972827672958374,0.011304601517172714,0.02201712131500244,139.46260796870573
triad,251,0.006610242649912834,0.0384062615144708,0.005222439765930176,90.20682712519363
triad,252,0.009524581953883171,0.00576593311622225,0.008766889572143555,105.1207615369169
triad,253,0.00905169639736414,0.008242566056736247,0.0176851749420166,163.99374855066247
triad,254,0.006694038398563862,0.05385449673589472,0.042006850242614746,117.88605153406479
triad,255,0.009358779527246952,0.023738890712787945,0.009865522384643555,80.41702006055137
triad,256,0.012563327327370644,0.030067224879192327,0.00631260871887207,94.9440158682702
triad,257,0.01943967118859291,0.03352905546073798,0.006801187992095947,242.08741191208148
triad,258,0.02603985369205475,0.03507409415555589,0.06167572736740112,132.14910163427518
triad,259,0.01502978801727295,0.026391389744610198,0.005116581916809082,79.90220400446809
triad,260,0.014103012159466743,0.04238857131842707,0.001091599464416504,65.25353424028253
triad,261,0.01964162476360798,0.0321544965251243,0.0013983845710754395,40.899815296427434
triad,262,0.0077172815799713135,0.01652305896591479,0.0007551908493041992,36.70393992947644
triad,263,0.012287401594221592,0.009332407389161829,0.00035256147384643555,45.901852570190854
triad,264,0.013147941790521145,0.0324154521877989,0.00037544965744018555,79.24235921214593
triad,265,0.011669632978737354,0.010671705887052145,0.0012523531913757324,43.29556905131366
triad,266,0.02502657100558281,0.01639822819567711,0.06555189192295074,186.97607088408947
triad,267,0.01664121262729168,0.021255275386566748,0.03195822238922119,113.06816736477577
triad,268,0.010096076875925064,0.006826856961824183,0.0007207393646240234,44.88032181036655
triad,269,0.018787957727909088,0.0233118999065232,0.001094043254852295,81.7177710128762
triad,270,0.004296462517231703,0.06287268257953843,0.014891505241394043,134.53937608524492
triad,271,0.012874269858002663,0.037467822657810186,0.05768698453903198,128.1803626033646
triad,272,0.009383408352732658,0.04409418602312974,0.0035703182220458984,76.81527513091056
triad,273,0.007088971324265003,0.03155644388758479,0.02776801586151123,106.84871634618733
triad,274,0.005156618542969227,0.007337319165391328,0.032957524061203,181.7087567151861
triad,275,0.01796003431081772,0.028527437599221488,0.0006410479545593262,46.607164850625054
triad,276,0.01330359373241663,0.01709109231016169,0.0017712712287902832,36.57657889996592
triad,277,0.019279366359114647,0.04697400511534299,0.015591204166412354,279.72202236945037
triad,278,0.016400625929236412,0.02426110909749282,0.01906687021255493,109.53410576955076
triad,279,0.016849007457494736,0.003001350374875215,0.012696564197540283,218.0554989884138
triad,280,0.01057992223650217,0.05221331250068015,0.03745800256729126,141.78472155737566
triad,281,0.01014059130102396,0.021161523117993245,0.004201173782348633,48.24342632317097
triad,282,0.016771098598837852,0.02912198360114505,0.021504968404769897,164.43594935139092
triad,283,0.014589953236281872,0.0257682501575358,0.01201009750366211,262.7605749876675
triad,284,0.017259208485484123,0.03137798315102706,0.0478062629699707,111.47968189823546
triad,285,0.025598108768463135,0.09348589429836766,0.04471266269683838,104.73924955504104
triad,286,0.023521605879068375,0.019758462457916567,0.0346185564994812,124.25361756012157
triad,287,0.0196462944149971,0.019321141912098782,0.036960721015930176,126.16604289207496
triad,288,0.0018749844748526812,0.041565187046225464,0.01754474639892578,100.0995288055062
triad,289,0.00978804100304842,0.03913520229734694,0.009196341037750244,99.66125110876077
triad,290,0.010323919355869293,0.016885403127857482,0.010386019945144653,198.63979670085766
triad,291,0.016068750992417336,0.07024415292499489,0.055023372173309326,146.72395524255612
triad,292,0.015692558139562607,0.018164348647924777,0.0009641647338867188,38.55591478593404
triad,293,0.014111182652413845,0.03807885785790032,0.0003437995910644531,41.045445091851654
triad,294,0.009058387950062752,0.06652878722590218,0.029403388500213623,125.90628365728153
triad,295,0.013889319263398647,0.022533938304821755,0.010645568370819092,280.079296035402
triad,296,0.014776691794395447,0.014371722577940983,0.004195690155029297,67.25721552271416
triad,297,0.008603309281170368,0.0163265417682597,0.0008089542388916016,49.95428643319152
triad,298,0.010478371754288673,0.010786084627219831,0.0012283921241760254,45.08067608935138
triad,299,0.012767159380018711,0.06558260474561052,0.012381911277770996,196.95240124814003
triad,300,0.01868787594139576,0.011306590072478823,0.0020560026168823242,94.46505011471712
triad,301,0.017108222469687462,0.008885315737467403,0.012562394142150879,72.33267911135876
triad,302,0.015377526171505451,0.058043379952165894,0.011208176612854004,153.8380846230915
triad,303,0.016034720465540886,0.08147410899766484,0.019544363021850586,189.07040377712207
triad,304,0.015646129846572876,0.013872752355277105,0.0230635404586792,112.2211625828739
triad,305,0.015439862385392189,0.022484113761168732,0.0006325840950012207,50.3631500833505
triad,306,0.01607699878513813,0.05792039815009412,0.016851186752319336,165.79284516776102
triad,307,0.01493114698678255,0.004270853021842222,0.0012837052345275879,52.5402886945967
triad,308,0.012650961987674236,0.04419085441148407,0.0039757490158081055,143.928543516973
triad,309,0.003565524471923709,0.016665241870690732,0.005702376365661621,68.84156735892873
triad,310,0.00980493612587452,0.013869035304596872,0.0009655952453613281,50.8355042811824
triad,311,0.0103611433878541,0.014425023126523714,0.004269957542419434,52.04348535574657
triad,312,0.024399876594543457,0.0750016719795677,0.06579738855361938,150.78784273942833
triad,313,0.005618566181510687,0.055022646134443506,0.013548493385314941,126.6457765461043
triad,314,0.016907423734664917,0.04496258870045175,0.030417442321777344,181.64528488458168
triad,315,0.01461347471922636,0.0030017984573475253,0.007067382335662842,133.25073087586628
triad,316,0.016476085409522057,0.007450375689707089,0.03226345777511597,238.0061611634085
triad,317,0.020251795649528503,0.015275611461853262,0.009139269590377808,122.89113694988089
triad,318,0.019282493740320206,0.013559385707371065,0.0022929906845092773,134.8716079525683
triad,319,0.008864328265190125,0.012596669409234776,0.00039571523666381836,36.86826217715053
triad,320,0.01775459200143814,0.032571656304221305,0.002555549144744873,103.67100157236405
triad,321,0.011860593222081661,0.02002667532163574,0.003101825714111328,47.946725532588694
triad,322,0.016128698363900185,0.005190974822609067,0.015977859497070312,100.32417224931756
triad,323,0.00973488762974739,0.023303314784530266,0.023334860801696777,91.65268595369994
triad,324,0.008785219863057137,0.03292250370070404,0.006333470344543457,57.8716536569684
triad,325,0.019737189635634422,0.02488373682372468,0.005223989486694336,55.881787415526844
triad,326,0.010830314829945564,0.03202771518613509,0.02200371026992798,163.08778981654854
triad,327,0.004189478233456612,0.03683225501170254,0.0009673833847045898,53.26651222107489
triad,328,0.020208999514579773,0.009078507268885167,0.019859671592712402,158.9318774791609
triad,329,0.030206210911273956,0.13218765539056182,0.07770437002182007,155.33424642299985
triad,330,0.01310543529689312,0.10178131123925471,0.031260013580322266,166.14392350261397
triad,331,0.01173175498843193,0.012852087536817769,0.015168845653533936,126.59557787698054
triad,332,0.002517479471862316,0.06070901574792659,0.011446833610534668,99.09785559451012
triad,333,0.009808679111301899,0.060156107570312665,0.01802241802215576,147.2258906644022
triad,334,0.011090895161032677,0.037014019569022866,0.010236501693725586,64.05838222288482
triad,335,0.012621717527508736,0.04888872900927352,0.0016994476318359375,102.92131076658352
triad,336,0.029392100870609283,0.019094520656707737,0.024907350540161133,141.8818095887035
triad,337,0.015325636602938175,0.04119975407271437,0.010972440242767334,77.66787590287052
triad,338,0.019065160304307938,0.03992717938866518,0.04472118616104126,258.47135976262143
triad,339,0.016204671934247017,0.03581991190937689,0.010430097579956055,74.18193907232173
triad,340,0.01358750183135271,0.03492270895176464,0.004291057586669922,82.62536764351422
triad,341,0.010283189825713634,0.012237365454139707,0.005591273307800293,94.02828130305171
triad,342,0.007822767831385136,0.02125775852781285,0.006709694862365723,64.8963992570371
triad,343,0.014359012246131897,0.016333176297877644,0.032297611236572266,107.96893497014483
triad,344,0.025280339643359184,0.07388835253142977,0.016253530979156494,171.65380721568462
triad,345,0.007421556394547224,0.020058559667828737,0.00040328502655029297,37.42627464439119
triad,346,0.008420496247708797,0.031301924459165416,0.007901489734649658,82.17762956268962
triad,347,0.0012317567598074675,0.0033479780483415215,0.0017500221729278564,147.00378446125052
triad,348,0.014959651045501232,0.01982404635630161,0.0023973584175109863,167.20302544403808
triad,349,0.016695663332939148,0.07888813754167441,0.01455545425415039,138.82995102955462
triad,350,0.01868388056755066,0.03659464828878321,0.017592787742614746,95.83774169321546
triad,351,0.01563817635178566,0.06471257323802611,0.055323660373687744,159.7370052074503
triad,352,0.006499615032225847,0.020519755415094702,0.019242942333221436,158.74925653624916
triad,353,0.0159731674939394,0.05770868441662008,0.004897713661193848,209.16054681296941
triad,354,0.011184773407876492,0.031432741858090724,0.0015146732330322266,51.88919784860153
triad,355,0.02525862492620945,0.10609079748649194,0.03661680221557617,157.38193720604013
triad,356,0.02185041271150112,0.007553326495950046,0.0069176554679870605,122.50248627069175
triad,357,0.016938000917434692,0.08035885660220186,0.01782536506652832,138.87321607678024
triad,358,0.009933059103786945,0.015812281841971015,0.0004582405090332031,38.911382394676046
triad,359,0.027086256071925163,0.09882129468645091,0.052162885665893555,190.7558767449791
triad,360,0.01255143154412508,0.0215022897180775,0.00597691535949707,77.82987977710044
triad,361,0.016198577359318733,0.06921041365583096,0.01799863576889038,133.52967201537587
triad,362,0.015051787719130516,0.03843054293632638,0.020031750202178955,176.38291098901058
triad,363,0.0148627245798707,0.05256860901021018,0.01430058479309082,130.35755537755185
triad,364,0.023489616811275482,0.08136333471071902,0.08262135088443756,368.2363267989685
triad,365,0.011313688941299915,0.033940292602269564,0.0001671314239501953,43.61601773773752
triad,366,0.028617439791560173,0.029801346752175658,0.034714311361312866,172.59480466125387
triad,367,0.02018551528453827,0.01136378896063134,0.005264163017272949,45.900870077769156
triad,368,0.02318277396261692,0.08578325015893094,0.015125036239624023,137.7050427152976
triad,369,0.008788488805294037,0.02083205282740107,0.0029695630073547363,74.53846882694378
triad,370,0.014081320725381374,0.026840642707096206,0.0003943443298339844,54.94362251114589
triad,371,0.008581642061471939,0.0190940220628172,0.01868140697479248,90.36675761003491
triad,372,0.03152875602245331,0.04626927168088921,0.04747229814529419,117.48195775456036
triad,373,0.010951267555356026,0.0019617999082421358,0.005882859230041504,176.4027838397299
triad,374,0.007711376063525677,0.015374378881611115,0.0004926919937133789,34.33901473465596
triad,375,0.006763245910406113,0.017063699692300212,0.0032541751861572266,54.315731698021445
triad,376,0.009670388884842396,0.005734716595254172,0.00017571449279785156,20.44858166291722
triad,377,0.010803084820508957,0.03905981518398236,0.013216614723205566,81.44191002569217
triad,378,0.008939658291637897,0.012015041175694068,0.009824097156524658,106.39421326621562
triad,379,0.011942951008677483,0.0016967960691007312,9.298324584960938e-05,21.682198679026815
triad,380,0.006757965311408043,0.028397998760407203,0.0033060312271118164,61.57383379969952
triad,381,0.004534505307674408,0.04152952472180278,0.002472996711730957,64.3854157768787
triad,382,0.013867046684026718,0.011115891033249314,0.001814126968383789,45.399430884857146
triad,383,0.01577785424888134,0.04854496765716577,0.015938520431518555,81.64812396437496
triad,384,0.004612931050360203,0.021279003048187407,0.007312655448913574,73.55261828865216
triad,385,0.010985554195940495,0.047301863878681176,0.00032258033752441406,50.05767992139164
triad,386,0.01695740781724453,0.0738115136623495,0.027190327644348145,144.81828094288937
triad,387,0.02057492919266224,0.02898718930348028,0.001223444938659668,81.48701374841423
triad,388,0.012767113745212555,0.003008462657631389,0.0007244348526000977,33.29131270019636
triad,389,0.005350536201149225,0.03025420927339376,0.0004750490188598633,49.74551415058316
triad,390,0.02232738584280014,0.023344749935295714,0.02107757329940796,134.86028486154567
triad,391,0.0018899623537436128,0.03293776920947282,0.010717391967773438,90.76816667663687
triad,392,0.011919301934540272,0.021893705081896257,0.0010839104652404785,46.32135923332239
triad,393,0.024504808709025383,0.008054215086650739,0.007640421390533447,115.6929541588219
triad,394,0.018057331442832947,0.05456935108113722,0.04197502136230469,162.81012517336725
triad,395,0.00936848483979702,0.051421625397338265,0.029052674770355225,135.7740590867359
triad,396,0.018400968983769417,0.04072559973199831,0.008488893508911133,57.29435311182846
triad,397,0.02067120373249054,0.05829307697397829,0.01509249210357666,135.81702577902342
triad,398,0.008923506364226341,0.049899528714588345,0.043620526790618896,182.55282903233808
triad,399,0.009673519991338253,0.03716232749478396,0.011069416999816895,78.87739717645631
triad,400,0.004298089072108269,0.04717367598666371,0.011209845542907715,164.34153013796748
triad,401,0.02385982871055603,0.03438677289108594,0.01351320743560791,84.92248848230439
triad,402,0.017769377678632736,0.0693169029467547,0.01980125904083252,112.40976905509443
triad,403,0.015113328583538532,0.027392213035495667,0.011269450187683105,68.33387654629426
triad,404,0.01604647748172283,0.05138163986720675,0.01862967014312744,162.18504211113162
triad,405,0.007985342293977737,0.038235079433098944,0.04023297131061554,270.1661629821994
triad,406,0.008119195699691772,0.050670694241697484,0.019362270832061768,102.89067381952535
triad,407,0.016167951747775078,0.09154216437496243,0.023807644844055176,205.68855085138037
triad,408,0.004624071065336466,0.01752696605348428,0.010355234146118164,96.51786879784258
triad,409,0.008091744035482407,0.005045458086082166,0.001261293888092041,50.87490800072429
triad,410,0.021660614758729935,0.10733578731592046,0.03628134727478027,178.95431639237327
triad,411,0.02346990816295147,0.07078553485699483,0.01931685209274292,185.55432485208868
triad,412,0.023427417501807213,0.016245584889179206,0.0062906742095947266,98.36533618507326
triad,413,0.004199564456939697,0.02450057638849322,0.014856606721878052,222.80535708115326
triad,414,0.014760971069335938,0.016090067469900948,0.020095109939575195,114.72288824803785
triad,415,0.014311578124761581,0.0030262398844947006,0.0022856593132019043,155.9712886532633
triad,416,0.009057363495230675,0.004945466474877189,0.0026167631149291992,60.99298474888245
triad,417,0.014120628125965595,0.040433123224297034,0.0013436079025268555,57.89945637781709
triad,418,0.006902106571942568,0.02402383719591853,0.015289545059204102,86.69851099849025
triad,419,0.014905234798789024,0.008207063275045657,0.018132686614990234,96.28442772936286
triad,420,0.022094765678048134,0.09013687149144095,0.02724003791809082,130.3599571239178
triad,421,0.007438999600708485,0.05808039362812782,0.018314599990844727,131.57173451278325
triad,422,0.017535269260406494,0.03694406761749655,0.01826333999633789,82.67724701750578
triad,423,0.004972750321030617,0.01887044777772226,0.008878946304321289,92.38186258825374
triad,424,0.009652799926698208,0.011358529295989154,0.0004730820655822754,43.94012801027874
triad,425,0.011859078891575336,0.01134509104986128,0.0010489225387573242,38.552250906976106
triad,426,0.02208739146590233,0.05095736468119899,0.03660440444946289,135.02741089771118
triad,427,0.017218850553035736,0.03776254258360171,0.012545347213745117,191.32114855520936
triad,428,0.004787188023328781,0.026723812660934532,0.005070507526397705,78.02108859841489
triad,429,0.018400389701128006,0.06630923776064204,0.006052255630493164,145.8266843393238
triad,430,0.0037737973034381866,0.005277692278617474,0.008712172508239746,84.65808167318875
triad,431,0.012387747876346111,0.059154905178760216,0.03408822417259216,125.95131481292987
triad,432,0.005545957945287228,0.03129436892077402,0.02049049735069275,194.6430131350626
triad,433,0.01271008513867855,0.05419964014232495,0.005086362361907959,123.454222649201
triad,434,0.002881226595491171,0.014527222746976142,0.010806143283843994,92.63315654931564
triad,435,0.01928904838860035,0.11324187639690018,0.03348684310913086,196.77779346461256
triad,436,0.015290612354874611,0.030911464622051243,0.014354974031448364,135.51333403526516
triad,437,0.01144596841186285,0.031192060876638936,0.015481337904930115,327.4689304804779
triad,438,0.009932877495884895,0.008207354832205612,0.00421983003616333,65.11743178897463
triad,439,0.005152006167918444,0.02894795534010666,0.002295374870300293,67.02866859838272
triad,440,0.007619564887136221,0.07449148593440409,0.03529632091522217,115.8038583749969
triad,441,0.008801385760307312,0.015777694253054517,0.0014217495918273926,54.48021638942987
triad,442,0.014710786752402782,0.06027667543928941,0.0128556489944458,100.5022552601774
triad,443,0.010933934710919857,0.0030881204159073404,0.00019317865371704102,13.089122574391409
triad,444,0.009937787428498268,0.012197484384056505,0.003214120864868164,71.68625849076822
triad,445,0.014040317386388779,0.06211176465162628,0.03247547149658203,112.5988672240439
triad,446,0.01584288664162159,0.04217133863635662,0.007821500301361084,131.54906788812664
triad,447,0.00975025538355112,0.007609084012796862,0.0034874677658081055,71.0818005673344
triad,448,0.01393686980009079,0.04581168317790881,0.007006943225860596,165.3173107770765
triad,449,0.018908871337771416,0.07446139053042679,0.011794686317443848,188.958160888243
triad,450,0.012600434944033623,0.029441577622102377,0.0010845065116882324,69.59190640315278
triad,451,0.0070380778051912785,0.02513302526511594,0.0053751468658447266,61.013567024298716
triad,452,0.020116597414016724,0.05173311103674367,0.0035268068313598633,94.33981980320023
triad,453,0.006899173837155104,0.006958480871535206,0.0192071795463562,180.95524511261496
triad,454,0.011730675585567951,0.009342636499978138,0.016896367073059082,143.54509159807697
triad,455,0.0071117691695690155,0.030633503156857346,0.020633220672607422,140.2727538404311
triad,456,0.018830284476280212,0.04913866746934129,0.0237768292427063,95.48778020055877
triad,457,0.013489480130374432,0.03327633970979366,0.0005290508270263672,44.83106341613852
triad,458,0.009577220305800438,0.023195790189956,0.001827538013458252,70.34146821453695
triad,459,0.028440630063414574,0.07758132734017673,0.06151026487350464,116.47335892156359
triad,460,0.008614727295935154,0.009262487728811702,0.003575563430786133,81.02197146127615
triad,461,0.023271333426237106,0.06854687279098853,0.021519005298614502,136.26462718552852
triad,462,0.019197430461645126,0.03281844241331849,0.024100780487060547,243.83812728725493
triad,463,0.013384822756052017,0.021772361874901672,0.019285619258880615,144.1244161132986
triad,464,0.009033692069351673,0.03474664741397649,0.0037130117416381836,83.38133544872917
triad,465,0.012584962882101536,0.010224912581357189,0.009754180908203125,115.73300616293446
triad,466,0.015394521877169609,0.044203536769481536,0.02492329478263855,128.61458892881475
triad,467,0.003969784826040268,0.03269577664810494,0.011046409606933594,95.67752289695123
triad,468,0.006920332554727793,0.0032184667071711976,0.007257699966430664,87.99175267671181
triad,469,0.023797743022441864,0.08708933979183194,0.042319297790527344,103.4346686450284
triad,470,0.019624140113592148,0.011592097829797528,0.03270065784454346,111.82001288809846
triad,471,0.019411327317357063,0.08860278857040389,0.027280151844024658,137.92824076116665
triad,472,0.015205495059490204,0.05175341891486028,0.002478480339050293,68.25809949880822
triad,473,0.022734571248292923,0.017371815558715715,0.01024019718170166,78.07597720996662
triad,474,0.01352284848690033,0.041954770455499286,0.015725910663604736,290.8794568240019
triad,475,0.021571876481175423,0.042090868653346845,0.013010025024414062,97.18787979001351
triad,476,0.03400725871324539,0.06113539080015301,0.06654775142669678,145.08924465252227
triad,477,0.010747548192739487,0.009943770526382702,0.0011032819747924805,51.071828152353405
triad,478,0.024895761162042618,0.026622695379141404,0.030002355575561523,122.57910920681802
triad,479,0.009610706940293312,0.012533829015983676,0.030107975006103516,145.21446650620697
triad,480,0.010460296645760536,0.03239604885628417,0.0014231204986572266,50.80903692553851
triad,481,0.0126287080347538,0.01464815805159571,0.005385220050811768,70.43356110652385
triad,482,0.01346561312675476,0.019975705615168527,0.011322736740112305,143.7753033749553
triad,483,0.015338088385760784,0.015180160158280881,0.01593218743801117,254.03174426750377
triad,484,0.024289952591061592,0.029290084985151503,0.028782010078430176,125.33268865076933
triad,485,0.016428712755441666,0.055250476804461005,0.05282092094421387,174.71376175292696
triad,486,0.005746173672378063,0.04787825032688124,0.002019643783569336,74.67701106718096
triad,487,0.019913192838430405,0.03992093072752206,0.00373232364654541,50.99594050934266
triad,488,0.03110562078654766,0.06346514996954894,0.030602455139160156,141.029233923182
triad,489,0.0054889824241399765,0.012250595582363896,0.015179246664047241,168.4750831719746
triad,490,0.023587245494127274,0.06004613616082241,0.04360783100128174,132.4013375306417
triad,491,0.0037194157484918833,0.058473182998358346,0.01958996057510376,124.91931263501905
triad,492,0.022460047155618668,0.016604951578716415,0.019104182720184326,101.20006212252687
triad,493,0.03387506678700447,0.07051521646481348,0.04063999652862549,193.5473791330674
triad,494,0.036845579743385315,0.016176255775714767,0.052124857902526855,143.8593003212822
triad,495,0.0065770940855145454,0.007232063896456662,0.000861048698425293,48.454723309962034
triad,496,0.009896432980895042,0.038845632325120984,0.007659912109375,75.7003736127648
triad,497,0.024518219754099846,0.11490379024007405,0.05018460750579834,166.7530890771363
triad,498,0.00315121584571898,0.020952652767888852,0.0074967145919799805,79.37888337604429
triad,499,0.023869384080171585,0.0571134183162998,0.0038761496543884277,70.50764130753726
triad,500,0.0019806406926363707,0.020070166844687574,0.016593456268310547,95.36992006542363
triad,501,0.011026663705706596,0.016289591562628488,0.005331605672836304,115.16721197272759
triad,502,0.011324968189001083,0.0067401097830043916,0.050776779651641846,179.54713747777637
triad,503,0.015326996333897114,0.030309121531716134,0.051352620124816895,169.21571489125924
triad,504,0.022115767002105713,0.014970237378636403,0.011904656887054443,113.99993619363875
triad,505,0.011111387051641941,0.005107478868292672,0.006012678146362305,333.92657712901485
triad,506,0.017683325335383415,0.02259548346252377,0.0007916688919067383,32.62482236471233
triad,507,0.030964460223913193,0.12150521667353888,0.042245686054229736,211.22480651095404
triad,508,0.008951582945883274,0.006417687762193589,0.0007960200309753418,45.2242923663035
triad,509,0.01567053236067295,0.009424854123968294,0.01084911823272705,93.98340682326601
triad,510,0.020779946818947792,0.06419476285992619,0.034007906913757324,107.15635050406513
triad,511,0.009417403489351273,0.016438145427065676,0.00782477855682373,89.16413078260287
triad,512,0.01589624583721161,0.0260177085499964,0.0142744779586792,107.36498223495705
triad,513,0.030132124200463295,0.043506616119129427,0.020436346530914307,156.10655510624147
triad,514,0.024966765195131302,0.08860413561180695,0.027351737022399902,158.8254258153728
triad,515,0.031790874898433685,0.017698340126642346,0.13240620493888855,177.33809408951637
triad,516,0.02148807980120182,0.04389459877614465,0.0032244324684143066,59.8512514887903
triad,517,0.02355237677693367,0.014013287044612938,0.02640390396118164,128.84236261114557
triad,518,0.008848766796290874,0.006135303974054694,0.007600843906402588,236.7940789591812
triad,519,0.014345497824251652,0.011869299073770686,0.017075955867767334,100.8210097976979
triad,520,0.01660180278122425,0.02083144978221508,0.006004273891448975,87.57170273064435
triad,521,0.015496991574764252,0.09519347549748798,0.054781436920166016,131.00508513174586
triad,522,0.020996948704123497,0.05179592556763647,0.0603298544883728,226.6636082453644
triad,523,0.00946197472512722,0.004805404340199331,0.0032845139503479004,65.483604859723
triad,524,0.013571694493293762,0.06034352233237098,0.01827770471572876,106.23906490935327
triad,525,0.011715118773281574,0.009842746566741275,0.004116475582122803,69.77491464811999
triad,526,0.02619323879480362,0.07802351945869421,0.018244445323944092,176.40854549137376
triad,527,0.00792772974818945,0.006345923153177458,0.022114217281341553,130.8273328766789
triad,528,0.013940219767391682,0.03139920797536063,0.0043487548828125,147.1105246363904
triad,529,0.012645154260098934,0.019481219400670633,0.0025097131729125977,58.96109604248697
triad,530,0.01394152082502842,0.05819035518434243,0.008474588394165039,177.17414696847825
triad,531,0.011928415857255459,0.04541786521876436,0.02781011164188385,311.12736456244784
triad,532,0.008542262949049473,0.03604503237761576,0.024517834186553955,193.35626618089927
triad,533,0.02828386425971985,0.08039188996620948,0.018215656280517578,156.55046047678937
triad,534,0.011854651384055614,0.03702265817745274,0.0032786130905151367,99.260603860946
triad,535,0.008618699386715889,0.024042005867890792,0.024614334106445312,95.9392871047912
triad,536,0.01211884617805481,0.050577980562365815,0.013712882995605469,162.94148773285596
triad,537,0.019765833392739296,0.011770794706345013,0.007491707801818848,74.64218877516461
triad,538,0.01253602933138609,0.010751805553667395,0.0008037090301513672,47.35657243925141
triad,539,0.011665617115795612,0.0031289373602549804,0.0006353259086608887,45.826543997333275
triad,540,0.013418437913060188,0.020952347554602922,0.002938389778137207,49.78792879384942
triad,541,0.0018071325030177832,0.0070337041607031175,0.003252387046813965,64.49276757308789
triad,542,0.01569891907274723,0.0926094854500587,0.03580838441848755,156.50617834907644
triad,543,0.017947129905223846,0.03971012666169272,0.038513436913490295,273.669019667568
triad,544,0.009959650225937366,0.07885737893540612,0.044614553451538086,119.28927608587651
triad,545,0.010156989097595215,0.057392831305121475,0.013528406620025635,119.96106928137543
triad,546,0.009665574878454208,0.019963873299248962,0.0003361701965332031,36.88390916397894
triad,547,0.021369893103837967,0.09312164506415896,0.03314530849456787,153.9836979308899
triad,548,0.020423447713255882,0.07848458289820923,0.014022529125213623,206.06501905810876
triad,549,0.006576544139534235,0.03252128583990505,0.024134814739227295,105.47908183110496
triad,550,0.015741750597953796,0.009498726102595412,0.0038308799266815186,159.84380485360796
triad,551,0.010266068391501904,0.02984952330604373,0.000376284122467041,44.57594622971938
triad,552,0.013262089341878891,0.004966869468379379,0.0018471479415893555,81.77886160832678
triad,553,0.008016007021069527,0.01506140432532731,0.00580441951751709,90.2516327040119
triad,554,0.014585441909730434,0.013248168795128001,0.008501112461090088,90.64359242125747
triad,555,0.004798837937414646,0.02764698407206239,0.022073566913604736,181.91175420375842
triad,556,0.015493818558752537,0.05603675692752625,0.009687542915344238,123.25204932688948
triad,557,0.010941547341644764,0.03775093027191069,0.021712660789489746,115.70215494195256
triad,558,0.00904819369316101,0.03744264107732524,0.04131196439266205,142.50896636483984
triad,559,0.014083669520914555,0.0120929910361672,0.0002307295799255371,44.80171179671203
triad,560,0.010432587936520576,0.03160858992466426,0.011883258819580078,85.45161305991147
triad,561,0.015423883683979511,0.03413101666119919,0.0011129379272460938,55.32917106142544
triad,562,0.018485380336642265,0.03657913574390722,0.012189388275146484,241.8956747533531
triad,563,0.03508545458316803,0.08091877930676636,0.04982048273086548,152.49261530686059
triad,564,0.006550546735525131,0.007326637210407046,0.0010631084442138672,47.27921071966182
triad,565,0.004303332883864641,0.008315437980410392,0.0229358971118927,241.64817356726275
triad,566,0.025200381875038147,0.07548538093637512,0.014388442039489746,189.76978045300584
triad,567,0.013430116698145866,0.05715301930224347,0.05597832798957825,160.44678208020534
triad,568,0.008253431878983974,0.027521387291801,0.0010911822319030762,51.39271422440368
triad,569,0.018323710188269615,0.012625791911145866,0.015301525592803955,101.92143176133816
triad,570,0.015512336045503616,0.07218741153926123,0.0451815128326416,126.34238564979808
triad,571,0.005591492634266615,0.009617719013336778,0.020847588777542114,225.93617495170434
triad,572,0.012360570020973682,0.01310192194250011,0.000609278678894043,53.37868160386131
triad,573,0.00579447066411376,0.017804680785120208,0.005397975444793701,62.15124790062675
triad,574,0.010993118397891521,0.004971485616013835,0.0008087158203125,43.104957036735165
triad,575,0.007543308660387993,0.029603021256965314,0.036437779664993286,157.8429412547827
triad,576,0.01385430432856083,0.027861562941384168,0.008933186531066895,269.46303744011664
triad,577,0.010912557132542133,0.0352785542960961,0.00011354684829711914,36.05149379537593
triad,578,0.005720173940062523,0.03314496278187604,0.04712653160095215,130.4914770199285
triad,579,0.011240723542869091,0.046256723309341115,0.05018189549446106,155.21317360948652
triad,580,0.0029196313116699457,0.012000094045789202,0.0004982948303222656,126.67289992497076
triad,581,0.006220386363565922,0.025392574201063736,0.049577802419662476,167.99517244340709
triad,582,0.0152994804084301,0.06749659313607807,0.04030483961105347,126.13930812322405
triad,583,0.011115181259810925,0.0025071352198620038,4.2110681533813477e-05,24.13343212951185
triad,584,0.01605926640331745,0.011594331926279901,0.010206222534179688,83.20985957398325
triad,585,0.01678541488945484,0.037850305757433776,0.012302994728088379,153.07861795316276
triad,586,0.018721023574471474,0.07394322510979455,0.029946327209472656,183.52321337515102
triad,587,0.012172487564384937,0.03456084936318345,0.0009495019912719727,54.703296827471036
triad,588,0.014694372192025185,0.01823484676978151,0.001098930835723877,38.24288887092846
triad,589,0.0090243024751544,0.041030413375827815,0.0165252685546875,132.45112940368426
triad,590,0.03311482071876526,0.13096546181956967,0.04957801103591919,178.85959741886975
triad,591,0.013471471145749092,0.034073425124329496,0.009627580642700195,71.54106928585381
triad,592,0.02018105611205101,0.0644848679966628,0.026725471019744873,173.4597639941776
triad,593,0.015309222973883152,0.08391020580950517,0.036896467208862305,153.78875780003779
triad,594,0.006086303386837244,0.010434073263457733,0.0012343525886535645,38.97505836186757
triad,595,0.017053747549653053,0.03409340757682952,0.008683860301971436,202.80256128907138
triad,596,0.03350184112787247,0.14285347503301732,0.03832113742828369,176.3307543118701
triad,597,0.012200426310300827,0.011689571135582381,0.00039458274841308594,48.68088736310503
triad,598,0.014919545501470566,0.0320860848346716,0.05167829990386963,144.31577237351402
triad,599,0.006733461748808622,0.02260559224169214,0.08318093419075012,186.98601607512114
triad,600,0.02465229481458664,0.028955347646660853,0.0641535222530365,178.3298145673456
triad,601,0.0186887476593256,0.05656658688527412,0.02284061908721924,198.9854779798195
triad,602,0.019659068435430527,0.042591202788708725,0.0006971359252929688,49.489184711588535
triad,603,0.010793711058795452,0.04826129929636162,0.03613452613353729,284.133944679635
triad,604,0.020565053448081017,0.01353447891595664,0.020150303840637207,89.34006061196047
triad,605,0.009054413996636868,0.011448490972248739,0.003458857536315918,74.09501093185003
triad,606,0.004132770001888275,0.00645497483790115,0.0006530582904815674,46.37930777107225
triad,607,0.019867293536663055,0.012317297647202356,0.019355952739715576,120.46565680905263
triad,608,0.005962712690234184,0.027408378044912397,0.002367258071899414,49.323685485557384
triad,609,0.007526791654527187,0.050338159247173525,0.003361821174621582,207.36382052361654
triad,610,0.018748071044683456,0.06892548769443482,0.027901291847229004,102.45753857693512
triad,611,0.00482624676078558,0.01936561460630925,0.00518074631690979,85.79030092846239
triad,612,0.023916777223348618,0.09588114416313034,0.03643161058425903,189.2657231180364
triad,613,0.013094563968479633,0.013274748563683944,0.00915992259979248,86.63746337852582
triad,614,0.008556188084185123,0.031525074153280125,0.019070863723754883,96.73594470213811
triad,615,0.019450636580586433,0.04857827127294505,0.012472987174987793,76.70041201643744
triad,616,0.01396398525685072,0.0037516210765036946,0.005535602569580078,60.01419537406245
triad,617,0.016815947368741035,0.02927653266182772,0.0076961517333984375,104.36389441565548
triad,618,0.013006932102143764,0.058131570223894806,0.013682842254638672,97.12891393434838
triad,619,0.011505638249218464,0.03055438221814468,0.01771882176399231,310.67287655083413
triad,620,0.012329102493822575,0.05190327963572556,0.07540187239646912,156.5489990640938
triad,621,0.017195165157318115,0.019732902620270974,0.020015954971313477,107.20070584748782
triad,622,0.017241979017853737,0.04002731095474141,0.015893399715423584,75.22421090197615
triad,623,0.025007441639900208,0.016105029510700003,0.007104933261871338,57.62052645054017
triad,624,0.010771272704005241,0.02682258045620918,0.004133701324462891,66.59414718004606
triad,625,0.024658674374222755,0.09216170364142932,0.009698152542114258,179.7415160347641
triad,626,0.02103937603533268,0.010357274504379864,0.007990777492523193,117.35740085807213
triad,627,0.010507110506296158,0.03407130070315803,0.01373511552810669,102.99623551695572
triad,628,0.010900012217462063,0.01644136621107466,0.056255459785461426,151.72117092592765
triad,629,0.011248022317886353,0.0052204779407611914,0.016000211238861084,129.86748176993984
triad,630,0.012905631214380264,0.04509442001556616,0.0036966800689697266,82.67868057325224
triad,631,0.015317329205572605,0.0033913202187123913,0.012343287467956543,96.04478600108443
triad,632,0.01662616804242134,0.07556592062766211,0.020914435386657715,159.6663993569052
triad,633,0.013334440998733044,0.0022670326547919516,0.00308072566986084,64.24880717828336
triad,634,0.023353412747383118,0.015902880027504226,0.02121269702911377,104.02775414712336
triad,635,0.030777785927057266,0.09501241428454332,0.13225269317626953,180.43180748437948
triad,636,0.00487195560708642,0.017446036418808545,0.00047457218170166016,43.56184491568348
triad,637,0.011768960393965244,0.012523120312587687,0.00024330615997314453,38.96730445007796
triad,638,0.0204261876642704,0.08047506372045801,0.03369319438934326,113.55282255009166
triad,639,0.004680064972490072,0.005286986392742461,0.019440412521362305,116.39700961364223
triad,640,0.004643969237804413,0.016283536048290564,0.0034194588661193848,63.73269192780077
triad,641,0.009844636544585228,0.0044717773211184865,0.0019870996475219727,55.608553397764
triad,642,0.012269514612853527,0.07559478551010973,0.03528702259063721,115.84184075417856
triad,643,0.018127668648958206,0.014692498747683712,0.007324278354644775,85.34978769949258
triad,644,0.009163673035800457,0.0024473775485149567,8.70823860168457e-05,21.434083878499504
triad,645,0.0008965274901129305,0.011538019557049334,0.00042700767517089844,46.3190145480189
triad,646,0.004201021045446396,0.0038855970252301007,0.010247945785522461,81.28955629659247
triad,647,0.009930821135640144,0.06449730475241716,0.002043485641479492,93.66886415548167
triad,648,0.01895981654524803,0.06354567557798423,0.0028389692306518555,157.60512390524428
triad,649,0.01585889607667923,0.015715143176239014,0.010715603828430176,83.14831119838101
triad,650,0.017377819865942,0.009204677897716736,0.010357260704040527,187.75632134934546
triad,651,0.01908806338906288,0.0684978213450868,0.0003337860107421875,45.283216131446544
triad,652,0.019959421828389168,0.027711751725370857,0.049615368247032166,221.50005477176765
triad,653,0.018030110746622086,0.009403772087608994,0.002611994743347168,100.68636337239295
triad,654,0.009062065742909908,0.0401580310200591,0.01007765531539917,110.52512795172976
triad,655,0.015925588086247444,0.008405964591208782,0.022867530584335327,239.86842773735
triad,656,0.006962659303098917,0.018048826247596874,0.013625741004943848,91.24826817771941
triad,657,0.009287218563258648,0.0379012438369032,0.008375406265258789,76.21457410753283
triad,658,0.013701573014259338,0.006821124705479813,0.0007204711437225342,120.79878301667088
triad,659,0.012062354013323784,0.01812117460896178,0.015597641468048096,90.28843245745227
triad,660,0.03127402812242508,0.10143543851513528,0.051386892795562744,151.6147465680683
triad,661,0.0067891995422542095,0.06673370071432663,0.018902301788330078,99.93701233875761
triad,662,0.004783279728144407,0.01262396226236266,0.02124577760696411,219.64223211420233
triad,663,0.03131662681698799,0.06524719544803659,0.046392619609832764,139.91871154586028
triad,664,0.01824929192662239,0.05405211510559545,0.0013072490692138672,66.91451992663985
triad,665,0.028603272512555122,0.05656843631491866,0.0240553617477417,136.22639397706345
triad,666,0.004692519083619118,0.005599999038565819,0.001150369644165039,48.32995784371999
triad,667,0.004992169793695211,0.05415658685049855,0.01710188388824463,92.78294131985001
triad,668,0.0031836945563554764,0.02664124001838595,0.011353909969329834,88.29221967548838
triad,669,0.008275419473648071,0.009019243501218376,0.0010162591934204102,50.841595216969694
triad,670,0.007488759234547615,0.011383080742115782,0.02180999517440796,175.9670070670569
triad,671,0.009323366917669773,0.00968155791950468,0.006274208426475525,240.43830850461958
triad,672,0.015113943256437778,0.0017665355071123056,0.007368564605712891,76.47992278700711
triad,673,0.009239761158823967,0.007073925257541247,0.000690460205078125,48.18797041840198
triad,674,0.012724789790809155,0.024571589889311393,0.006299614906311035,54.91681959172219
triad,675,0.003845980390906334,0.015433403650949341,0.013402581214904785,87.10657567629806
triad,676,0.023129645735025406,0.06600373378353085,0.01578700542449951,139.89325673692588
triad,677,0.021205002442002296,0.047507700768630395,0.010795831680297852,112.66904223836136
triad,678,0.03024180606007576,0.03702035352678725,0.06812787055969238,124.85822671997359
triad,679,0.011419185437262058,0.04221462990938756,0.02523931860923767,133.1674523797711
triad,680,0.021039916202425957,0.03341471116514881,0.015215098857879639,106.09057675213138
triad,681,0.006211489904671907,0.01145655228919949,0.0005675554275512695,27.61691178827777
triad,682,0.021392537280917168,0.005970290066250679,0.0024986863136291504,95.51991054188453
triad,683,0.01144483219832182,0.041810496862433474,0.04203793406486511,221.407783177112
triad,684,0.008276175707578659,0.009833038991996524,0.010790824890136719,82.50683781723565
triad,685,0.02140004001557827,0.022083530427235376,0.022448360919952393,115.84501903130335
triad,686,0.012693776749074459,0.012631188551926758,0.0006039738655090332,66.69062848649658
triad,687,0.0028243486303836107,0.009883509622568228,0.0005532503128051758,48.462271005938796
triad,688,0.016493186354637146,0.011803552505154063,0.004693031311035156,109.09089138214605
triad,689,0.007679797243326902,0.006781866780726566,0.0050733089447021484,71.14741702808104
triad,690,0.011923186480998993,0.03523629665439513,0.001868605613708496,45.4374798513635
triad,691,0.007589967921376228,0.02207646227289322,0.0010134577751159668,56.38414368866219
triad,692,0.009272873401641846,0.03771242195721931,0.015232086181640625,98.0129641807678
triad,693,0.0136991236358881,0.04768696753144092,0.0002853274345397949,66.44175213958279
triad,694,0.01837611012160778,0.01716074588486103,0.007963418960571289,123.96544295052159
triad,695,0.014873061329126358,0.004404258184030318,0.0029568076133728027,143.39916624666495
triad,696,0.023422641679644585,0.06638738795283469,0.03508633375167847,160.0638789420384
triad,697,0.030206995084881783,0.08346311315425,0.034119248390197754,109.24477151459797
triad,698,0.008603724651038647,0.07122830571238245,0.016853928565979004,172.42066936091575
triad,699,0.022657323628664017,0.01665346050332693,0.03745770454406738,126.78263769810947
triad,700,0.006414401810616255,0.01643392980532544,0.038395047187805176,166.2952705411412
triad,701,0.010283836163580418,0.04758159525154455,0.01075965166091919,96.64835010857466
triad,702,0.015874110162258148,0.021553525701716782,0.004698634147644043,83.39696343648811
triad,703,0.004162297584116459,0.005829665102842499,0.010081648826599121,79.33346215831179
triad,704,0.0037107004318386316,0.059108755069649604,0.010712742805480957,111.02735272822798
triad,705,0.01163463294506073,0.005901529061716347,0.0020563602447509766,53.85828013587551
triad,706,0.022156892344355583,0.07133258313531801,0.01618814468383789,149.79795297056359
triad,707,0.029482632875442505,0.009502209955889466,0.03642994165420532,130.6644313939121
triad,708,0.008521904237568378,0.04541266262171929,0.012127280235290527,96.83556822070653
triad,709,0.01335910428315401,0.01941148060926448,0.01050490140914917,93.58761571064024
triad,710,0.021014273166656494,0.061641700560810864,0.023610711097717285,90.8716450340525
triad,711,0.008141441270709038,0.011892754643511189,0.002696603536605835,107.07410532672327
triad,712,0.010547347366809845,0.026608219466343952,0.006897151470184326,82.86159176090732
triad,713,0.008534753695130348,0.06095731323223705,0.014914453029632568,150.4226204881419
triad,714,0.0022450480610132217,0.0071018981714383,0.0076866596937179565,227.89197707926104
triad,715,0.01139027625322342,0.027065527445909666,0.0003954172134399414,45.62396972252285
triad,716,0.0066052647307515144,0.0789074043362261,0.022283554077148438,121.9950504952828
triad,717,0.006521017290651798,0.025959812075562617,0.013521194458007812,83.8515419301804
triad,718,0.01329004392027855,0.016425006771978477,0.0028438568115234375,59.6542373473191
triad,719,0.01984061859548092,0.06997117509031459,0.018508851528167725,177.188141973279
triad,720,0.015580113045871258,0.04826563791368537,0.006151020526885986,170.78355702527776
triad,721,0.022884979844093323,0.01905517172265914,0.015206575393676758,89.98644793899163
triad,722,0.015767470002174377,0.039826542548240626,0.007119178771972656,88.61995001418498
triad,723,0.009580520913004875,0.028965073820893486,0.0006028413772583008,50.01310806445478
triad,724,0.00817583967000246,0.028664482156220288,0.004354357719421387,52.615707769343395
triad,725,0.014288825914263725,0.05684762593881829,0.023234426975250244,84.76961579070316
triad,726,0.018953125923871994,0.04193720856588381,0.00411224365234375,94.8690886636222
triad,727,0.01676812954246998,0.08609205300338155,0.094673752784729,190.16003009876533
triad,728,0.011429958045482635,0.021650642231102593,0.0005506277084350586,43.45877154811835
triad,729,0.011667945422232151,0.016265665986844542,0.0001538991928100586,38.5686565299425
triad,730,0.021973125636577606,0.0747248384018149,0.03422367572784424,149.2018845611975
triad,731,0.013909971341490746,0.06609813353765787,0.06059965491294861,151.34562448720283
triad,732,0.018436655402183533,0.016146715334562738,0.028517067432403564,116.81708439861418
triad,733,0.008002323098480701,0.004119495001889588,0.03520840406417847,119.46888997973426
triad,734,0.014065220020711422,0.03934519330655187,0.0010031461715698242,54.51708489968693
triad,735,0.006459075957536697,0.03101392914211582,0.004079461097717285,55.08370873824219
triad,736,0.01400198694318533,0.04375707952373827,0.014395475387573242,77.93646294796035
triad,737,0.037920624017715454,0.10488549000008639,0.05233502388000488,200.7795158711785
triad,738,0.008463481441140175,0.009598930840870927,0.002045750617980957,57.05933546105921
triad,739,0.016199175268411636,0.047339183942579584,0.010717570781707764,143.47117346817095
triad,740,0.000765934877563268,0.008081266817616718,0.031933799386024475,208.92519915255505
triad,741,0.018712012097239494,0.03954715682707167,0.017445504665374756,120.15332634067725
triad,742,0.006820830050855875,0.026872362040309006,0.03559018671512604,170.11475569596203
triad,743,0.0076569500379264355,0.041949487010297604,0.0045081377029418945,100.06122123806209
triad,744,0.01617448963224888,0.03968593958968794,0.02265290915966034,390.0534600197079
triad,745,0.017212191596627235,0.06325138425907566,0.03465473651885986,109.58485420033838
triad,746,0.02200138010084629,0.07703836611012235,0.04147529602050781,120.50929739945845
triad,747,0.02211122214794159,0.07395333844690927,0.07630833983421326,167.22913371562458
triad,748,0.012974495068192482,0.008418312765409126,0.007854819297790527,80.64295943796522
triad,749,0.023247355595231056,0.0036390311447115397,0.0203208327293396,116.98837652577005
triad,750,0.0033336631022393703,0.018727631699527448,0.0050078630447387695,70.21547887937125
triad,751,0.010514568537473679,0.021608519543578605,0.0031839609146118164,51.743882537894905
triad,752,0.020769204944372177,0.09692864750478838,0.03207755088806152,170.0888689140472
triad,753,0.025175532326102257,0.007805715953309558,0.007865846157073975,106.90242293054156
triad,754,0.022629305720329285,0.05320797296265587,0.0013184547424316406,53.56574964636398
triad,755,0.018071740865707397,0.035371834267411174,0.004406392574310303,75.02758625136218
triad,756,0.013677628710865974,0.05006592743956703,0.00371706485748291,199.72618146152698
triad,757,0.0030759377405047417,0.030970505699120982,0.006651639938354492,78.17311701149367
triad,758,0.005082780495285988,0.0065326367675143,0.00034672021865844727,39.11999331497999
triad,759,0.012351853772997856,0.007281809519563587,0.0008826255798339844,50.1342597312875
triad,760,0.004612023010849953,0.012916885055161004,0.001509547233581543,49.28114765373958
triad,761,0.010425481013953686,0.03305375112250399,0.0007703900337219238,68.41565957663423
triad,762,0.014992416836321354,0.06926900711761448,0.01432645320892334,173.3572567255215
triad,763,0.026236101984977722,0.06945227897930704,0.014310240745544434,184.4631868778988
triad,764,0.007409189827740192,0.007111631911739131,0.009069323539733887,62.783206003922515
triad,765,0.010596002452075481,0.05396457221053256,0.015782415866851807,139.2960380122242
triad,766,0.014789196662604809,0.02469721164573954,0.0035108327865600586,55.27498460867258
triad,767,0.007601156365126371,0.01934886486317557,0.015634894371032715,91.44178171068097
triad,768,0.014134678989648819,0.0620285469452362,0.018828153610229492,140.18199135055397
triad,769,0.009877176955342293,0.04787030833331167,0.012907028198242188,111.33967076766982
triad,770,0.019163230434060097,0.03671224159571395,0.013844490051269531,199.39174939072066
triad,771,0.009950002655386925,0.012270849748135745,0.004043161869049072,65.9931406185259
triad,772,0.004940768703818321,0.03388379232195022,0.025031864643096924,105.4508967196704
triad,773,0.010172014124691486,0.017029492394922525,0.0024045705795288086,42.94174379332071
triad,774,0.01727200485765934,0.03000235418988811,0.006779968738555908,74.58629333531219
triad,775,0.002969183260574937,0.0061299471340506475,0.005214810371398926,68.56082663020841
triad,776,0.005386305041611195,0.019443138287991497,0.00026679039001464844,40.59681935275585
triad,777,0.0068521457724273205,0.024182237213660543,0.026957392692565918,154.02465063671775
triad,778,0.020447315648198128,0.04375053694272967,0.023579716682434082,96.56261114393308
triad,779,0.01167724747210741,0.01235930347587739,0.008165478706359863,79.59768780378076
triad,780,0.0063592796213924885,0.017152886059476905,0.008146166801452637,104.48980631592322
triad,781,0.01396031491458416,0.06636741470980867,0.04247486591339111,119.88598196664826
triad,782,0.014114981517195702,0.03717066185172604,0.04861098527908325,122.3373071628952
triad,783,0.013404314406216145,0.02076072889412222,0.003027021884918213,51.1699277991091
triad,784,0.011935747228562832,0.02906406611036395,0.006624460220336914,63.39998877643192
triad,785,0.008859079331159592,0.005741535180614384,0.00508570671081543,57.578055732053464
triad,786,0.006209148559719324,0.021541913921362895,0.031257182359695435,241.0095959860766
triad,787,0.012791531160473824,0.05329631867752126,0.047063156962394714,154.44604370424784
triad,788,0.009005221538245678,0.01686044574667665,7.104873657226562e-05,31.642084553119922
triad,789,0.013898736797273159,0.0015611009297796137,0.004846394062042236,77.37911323830352
triad,790,0.013860564678907394,0.03420128718248148,0.0034579038619995117,90.53740120242352
triad,791,0.0191013365983963,0.011176764935577267,0.02490144968032837,113.52435622554582
triad,792,0.012075741775333881,0.011400398042016497,0.0009774565696716309,38.1688776701954
triad,793,0.004040640313178301,0.005869811218834492,0.0001608133316040039,35.29437499308469
triad,794,0.031100356951355934,0.07243832346066854,0.03676581382751465,210.34148194942324
triad,795,0.022218916565179825,0.04849680645508248,0.040103912353515625,132.06418402426712
triad,796,0.00701878173276782,0.002200241078366605,0.0034524202346801758,64.5352998804394
triad,797,0.008010522462427616,0.034478632292813796,0.013009428977966309,86.39917399523009
triad,798,0.007937239482998848,0.007536756490570998,0.007818266749382019,265.54046666616534
triad,799,0.018383603543043137,0.040801088902607745,0.012212097644805908,105.58614497973237
triad,800,0.02429589442908764,0.0372074591172751,0.015324950218200684,87.35693739417646
triad,801,0.009487435221672058,0.009828367957406632,0.0006924867630004883,43.476864837457384
triad,802,0.014300444163382053,0.004426106079721474,0.00818723440170288,86.85091059000176
triad,803,0.014909676276147366,0.01933859975171262,0.009303033351898193,322.7441602030734
triad,804,0.01948181353509426,0.04749245038463078,0.02993011474609375,104.05774619833613
triad,805,0.006448858883231878,0.0014011803442575588,0.0005257129669189453,42.55426969341396
triad,806,0.010153085924685001,0.01943127689555733,0.0028563737869262695,40.05131304610513
triad,807,0.0161515511572361,0.05043660540006159,0.01689291000366211,175.64403261959652
triad,808,0.022334877401590347,0.05071825434574876,0.00031554698944091797,46.3166852005541
triad,809,0.010710668750107288,0.006990072608197843,0.03327631950378418,186.6470978795724
triad,810,0.01186372060328722,0.014343061554671688,0.0023311376571655273,77.5643539830543
triad,811,0.009542220272123814,0.01460931931985022,0.008563399314880371,240.79910693764117
triad,812,0.026020802557468414,0.020937269711307223,0.03157779574394226,171.0874008176805
triad,813,0.005614866968244314,0.019195438763662222,0.009895920753479004,112.64160935002683
triad,814,0.016222169622778893,0.01890127529262659,0.006892025470733643,131.4272960330245
triad,815,0.013086254708468914,0.04571538038050435,0.021181046962738037,96.22144968780141
triad,816,0.010555567219853401,0.0233956246425289,0.014736533164978027,124.04927259642028
triad,817,0.008047610521316528,0.007168050616005242,0.001110076904296875,51.31398733200356
triad,818,0.003935304936021566,0.012532751919576864,0.028141528367996216,180.15789511721982
triad,819,0.01937062479555607,0.04277161849046036,0.019088268280029297,110.9384138524208
triad,820,0.0073004853911697865,0.06733581579985394,0.029926300048828125,123.68561327371617
triad,821,0.02258402667939663,0.0654122725308197,0.05573374032974243,120.07450532037568
triad,822,0.012178346514701843,0.015823951938849716,0.015629291534423828,78.02053327938158
triad,823,0.017754269763827324,0.017698730685378902,0.015006780624389648,131.14861328585772
triad,824,0.010503269731998444,0.0037663969745898532,0.0048789530992507935,319.06203228563976
triad,825,0.01793805882334709,0.004612327405289539,0.0015009045600891113,76.89237672862926
triad,826,0.005073312669992447,0.016545619277845654,0.01756182312965393,162.79719961411593
triad,827,0.014133124612271786,0.04408591890696751,0.02536618709564209,97.9488791896439
triad,828,0.013756551779806614,0.019913750298380595,0.009746789932250977,80.32726667361592
triad,829,0.01951725408434868,0.025505320195087916,0.002116858959197998,97.64964227112817
triad,830,0.024194614961743355,0.027253949756945787,0.0129355788230896,173.33056547068168
triad,831,0.011739888228476048,0.04717704081430508,0.012210190296173096,143.07610728839316
triad,832,0.011228014715015888,0.04927878818455292,0.010991454124450684,103.06261811186411
triad,833,0.02077423594892025,0.06418072744278973,0.02319234609603882,153.80316136174142
triad,834,0.016674896702170372,0.00978530556872506,0.011489272117614746,87.24024348230365
triad,835,0.009546756744384766,0.048371186256661036,0.025310784578323364,122.18765318874894
triad,836,0.01604730822145939,0.005989510444854143,0.01006820797920227,182.67110127691836
triad,837,0.011643595062196255,0.039182701835964,0.0006306171417236328,64.73918977147707
triad,838,0.007186658214777708,0.03559134724215364,0.013772726058959961,100.32637115957155
triad,839,0.022333163768053055,0.09609291160882104,0.04272496700286865,156.67506047969405
triad,840,0.011335630901157856,0.025018665254431124,0.009436547756195068,88.00938119557881
triad,841,0.004249731544405222,0.01719223848544223,0.06474518775939941,192.2339365578476
triad,842,0.01277824118733406,0.033441580684234654,0.014260917901992798,288.54512822428154
triad,843,0.018382780253887177,0.02086138742320555,0.007625222206115723,86.88625953981868
triad,844,0.007865337654948235,0.023409310911182882,0.03744634985923767,178.4436683123628
triad,845,0.020362742245197296,0.09424251291674789,0.018500566482543945,173.64808220326026
triad,846,0.011403651908040047,0.03450012281197383,0.0009597539901733398,52.14696655827674
triad,847,0.015904314815998077,0.05637407946274798,0.011952221393585205,134.19561329663455
triad,848,0.008071638643741608,0.043971364288947316,0.011774837970733643,93.76937558393053
triad,849,0.014264236204326153,0.008498964307715904,0.04715234041213989,187.3086745091138
triad,850,0.012829623185098171,0.06250386986284368,0.05151182413101196,147.97907792698277
triad,851,0.004806880839169025,0.008917447256656162,0.00022459030151367188,38.072847031044056
triad,852,0.011467745527625084,0.0024789329597995516,0.00012725591659545898,43.54157978024628
triad,853,0.0035630634520202875,0.05323845044038187,0.028842508792877197,113.46540662964057
triad,854,0.013532434590160847,0.009782251784815704,0.00018894672393798828,33.28960477688748
triad,855,0.009207475930452347,0.03634056768267832,0.003908872604370117,48.04234611570553
triad,856,0.0030086440965533257,0.03839915128541814,0.02037149667739868,102.98473108489723
triad,857,0.021385442465543747,0.11211810352600018,0.06096571683883667,151.3807645812325
triad,858,0.007990971207618713,0.012229583650340293,0.0008484125137329102,44.96133986839436
triad,859,0.005109746940433979,0.024536454116606318,0.00959622859954834,80.50364086033233
triad,860,0.02447042055428028,0.056711784394083545,0.03751397132873535,162.4691704870892
triad,861,0.005034829024225473,0.014811379557113617,0.002532660961151123,64.53624075216023
triad,862,0.011685943230986595,0.014432287127076662,0.02131366729736328,137.810906116834
triad,863,0.023576049134135246,0.02818152621258471,0.019528508186340332,112.59043922475273
triad,864,0.010984363034367561,0.035489395473379474,0.006188631057739258,57.3404349204588
triad,865,0.011278396472334862,0.007870405907803028,0.005823403596878052,186.02724398088625
triad,866,0.01032126322388649,0.012211915967776633,0.0010324716567993164,55.5651990685078
triad,867,0.010338467545807362,0.026054215940904145,0.008374214172363281,70.11161550869637
triad,868,0.01085340604186058,0.02993002525665027,0.02831020951271057,178.74892159314595
triad,869,0.014560124836862087,0.05853235535580879,0.04567354917526245,137.67069277002096
triad,870,0.01381789892911911,0.028238630191923294,0.004974961280822754,51.89701448941503
triad,871,0.017182568088173866,0.039439918012595714,0.0026254653930664062,69.12226136817377
triad,872,0.010744467377662659,0.008450320450342382,0.0014215707778930664,53.07908524073057
triad,873,0.008056911639869213,0.00976041151436991,0.006780445575714111,89.45373627397504
triad,874,0.011583232320845127,0.04585662142116823,0.006626427173614502,121.152316115069
triad,875,0.013237698934972286,0.038409342886269474,0.022880256175994873,141.26956029791995
triad,876,0.02036464400589466,0.07803670792582455,0.015279650688171387,184.80692372094896
triad,877,0.015475962311029434,0.0460790541415065,0.013478577136993408,84.01090108059807
triad,878,0.006319270469248295,0.013790742355462498,0.002858102321624756,67.8484114496765
triad,879,0.02621755376458168,0.09398818077728323,0.04499548673629761,196.3465805059961
triad,880,0.004575746599584818,0.002566048875308923,0.0004521608352661133,45.269057035025774
triad,881,0.012835927307605743,0.03102025936783636,0.006882429122924805,107.5828159552351
triad,882,0.0037047441583126783,0.056557977318075256,0.021369338035583496,119.42626136316304
triad,883,0.024864040315151215,0.04621196430913006,0.007293581962585449,63.88341242103715
triad,884,0.025550732389092445,0.013626894813595157,0.036902159452438354,161.3967201994262
triad,885,0.010314586572349072,0.004309343571244986,0.0070879459381103516,76.80339517787395
triad,886,0.011183084920048714,0.02556931684757122,0.00542062520980835,50.172403236166545
triad,887,0.02486947365105152,0.10154450400888523,0.018758535385131836,212.6526045055129
triad,888,0.00647292286157608,0.01940739039075551,0.0020481348037719727,61.18425319914428
triad,889,0.006994001101702452,0.04190619639454687,0.021956205368041992,132.83957938766548
triad,890,0.010230088606476784,0.01607769506520803,0.0018872618675231934,36.68642602073885
triad,891,0.011776828207075596,0.015880147011526145,0.005929827690124512,59.97538665986606
triad,892,0.005302065052092075,0.01018916122109831,0.001954197883605957,56.009415517457036
triad,893,0.005896001122891903,0.012380440310517512,0.0006887912750244141,41.717953745740076
triad,894,0.0186160895973444,0.07180032136513183,0.0204315185546875,120.44820323678803
triad,895,0.026703810319304466,0.03779669742753495,0.053723275661468506,167.369874409088
triad,896,0.003423686372116208,0.009623550454746456,0.0013515949249267578,47.62910678606244
triad,897,0.01562737114727497,0.02706805902950387,0.022604823112487793,100.41706164962935
triad,898,0.01042662002146244,0.04398845553261772,0.044173747301101685,145.9888002129533
triad,899,0.00918502826243639,0.007783712839640074,0.0007467269897460938,44.086678782403894
triad,900,0.011730680242180824,0.08253639521445244,0.012981414794921875,119.23241166076807
triad,901,0.0273441094905138,0.06531738479883362,0.0848856270313263,175.08790739874735
triad,902,0.010036864317953587,0.043807722096056156,0.04383358359336853,148.0706256885585
triad,903,0.006264421623200178,0.05081412770272228,0.0021817684173583984,85.69566890241931
triad,904,0.01780523918569088,0.01668128041347045,0.006185352802276611,68.0967203658655
triad,905,0.01102547999471426,0.03414370971171701,0.09320595860481262,196.23116436153848
triad,906,0.023710444569587708,0.014756863065142036,0.07899700105190277,191.4124865223189
triad,907,0.01895938441157341,0.07816858159207231,0.03741586208343506,133.88004615043707
triad,908,0.007769760675728321,0.03147586419625698,0.015400409698486328,90.53867265993026
triad,909,0.018507329747080803,0.00806213076565307,0.00470501184463501,80.30696691325042
triad,910,0.00834066141396761,0.006090648975001127,0.0031630992889404297,64.4605373891588
triad,911,0.015482373535633087,0.010011595322309226,0.003548145294189453,70.33447930090358
triad,912,0.01873715966939926,0.09387126886509481,0.01639378070831299,183.32201602586917
triad,913,0.013451661914587021,0.005767501155062313,0.009289860725402832,85.70309996537968
triad,914,0.00934965442866087,0.00544015885150818,0.000659942626953125,50.73796770105352
triad,915,0.00435312045738101,0.019445006809965058,0.01415705680847168,187.60006032888086
triad,916,0.00894897524267435,0.05334792893140269,0.004194021224975586,195.08210369546885
triad,917,0.01208910346031189,0.004805463595858582,0.001151442527770996,47.04764899327131
triad,918,0.018266960978507996,0.033746772122336864,0.03115171194076538,332.94766755354374
triad,919,0.02026847004890442,0.04599304223322133,0.008319258689880371,163.4928548446564
triad,920,0.016874419525265694,0.01516053331467865,0.011320233345031738,88.39089064473879
triad,921,0.008382149040699005,0.018436989819152396,0.00040543079376220703,43.165739655429945
triad,922,0.008270573802292347,0.034774826076425465,0.02558344602584839,188.17398675603226
triad,923,0.004361307248473167,0.03971468956597285,0.010528147220611572,99.47633560527015
triad,924,0.015628013759851456,0.053866398694407645,0.017868101596832275,129.03516507450846
triad,925,0.0267393346875906,0.03460081511914729,0.028167426586151123,184.8099134718821
triad,926,0.016617946326732635,0.023075549887425634,0.0026699304580688477,55.57835883982867
triad,927,0.007741237059235573,0.03232840863681145,0.002791106700897217,83.01391798893022
triad,928,0.015676867216825485,0.0033330028636786267,0.009499549865722656,77.24810019270267
triad,929,0.006265474949032068,0.008150458354769501,0.030380666255950928,122.60845666257408
triad,930,0.021156152710318565,0.019200983646670593,0.0125044584274292,85.33828381212035
triad,931,0.01183700654655695,0.01859266756898476,0.002382338047027588,39.51627735612004
triad,932,0.009459983557462692,0.032500453710709774,0.017723798751831055,82.80312196301571
triad,933,0.009807915426790714,0.0014630639350730348,0.004354596138000488,286.6293951445493
triad,934,0.01580013893544674,0.05553261881884927,0.019091129302978516,169.65440600049095
triad,935,0.014701933600008488,0.013340514761958848,0.0010126829147338867,45.10245978415216
triad,936,0.006537992041558027,0.008559812897677979,0.0018317997455596924,85.86095425457106
triad,937,0.009904536418616772,0.019630923451558382,0.03945434093475342,117.20022232545259
triad,938,0.007996680215001106,0.0038392724194319014,0.004113674163818359,67.37359050631319
triad,939,0.014053926803171635,0.04176967324508242,0.013338088989257812,77.9457634908554
triad,940,0.0029755192808806896,0.02916001284721981,0.0018901824951171875,62.45845928310778
triad,941,0.004627513699233532,0.0073883344238192174,0.002084195613861084,70.38561828868674
triad,942,0.012034148909151554,0.030719188979320262,0.0003477334976196289,35.989555604924206
triad,943,0.027783816680312157,0.033772391018595554,0.018817424774169922,120.63297774386133
triad,944,0.024471204727888107,0.08225517027179327,0.029103994369506836,133.88809776517266
triad,945,0.0039039570838212967,0.020999151053273286,0.004281342029571533,76.00838302746205
triad,946,0.01498405821621418,0.07295676251819189,0.024268031120300293,126.43610496723596
triad,947,0.00967859011143446,0.0078992477263386,0.007881760597229004,79.05209530087816
triad,948,0.002350432565435767,0.03682736647377974,0.00425565242767334,80.52275437193829
triad,949,0.01812589168548584,0.018386030058203655,0.0023775100708007812,55.1138610039972
triad,950,0.010232523083686829,0.010013594955472521,0.0074967145919799805,87.04950947159065
triad,951,0.007619071751832962,0.0033949602661868424,0.019071877002716064,195.9471270541513
triad,952,0.014386683702468872,0.003974687529031094,0.0008299350738525391,46.395159667384426
triad,953,0.009831913746893406,0.041743595662242346,0.06668086349964142,157.27423742915545
triad,954,0.008817227557301521,0.06711180139822903,0.04989999532699585,130.90107150491724
triad,955,0.004987864755094051,0.025415820315666558,0.014075428247451782,187.6175799294414
triad,956,0.007940967567265034,0.03228170602495967,0.004674077033996582,69.74322804241893
triad,957,0.007415233179926872,0.02102704001442887,0.0004444122314453125,36.07883933791069
triad,958,0.011140227317810059,0.005641418835347171,0.014158844947814941,88.66671731544415
triad,959,0.007697150111198425,0.008157153516223918,0.0005888938903808594,47.49932728481246
triad,960,0.00797103438526392,0.03415769965447329,0.01234358549118042,130.95753167893227
triad,961,0.0043790037743747234,0.025163316937272508,0.013963639736175537,183.40368816748293
triad,962,0.013793415389955044,0.05990918830466943,0.06255513429641724,131.46821216688969
triad,963,0.01739967241883278,0.04619854133525662,0.008430719375610352,105.37981435167305
triad,964,0.022152164950966835,0.05703653982887341,0.022765398025512695,91.81509228039332
triad,965,0.014401189051568508,0.04392600875947289,0.06279733777046204,167.203156602697
triad,966,0.01249305997043848,0.023358197935341617,0.020285040140151978,185.64306076664255
triad,967,0.017198389396071434,0.007042084162461848,0.015931516885757446,181.80713164700802
triad,968,0.008147661574184895,0.017902123261231456,0.00927746295928955,104.1366708296467
triad,969,0.005207730922847986,0.051201769883773056,0.044146180152893066,131.41951992643524
triad,970,0.00632231030613184,0.018234511685627466,7.534027099609375e-05,31.14822225466724
triad,971,0.014836444519460201,0.04922810222863075,0.022343993186950684,108.31169715513023
triad,972,0.014587786979973316,0.0423415145554625,0.010113835334777832,135.3502851602958
triad,973,0.014154961332678795,0.040596391724954224,0.0008691549301147461,47.037586048637564
triad,974,0.018491996452212334,0.07278186536225142,0.08661971986293793,222.24031680877187
triad,975,0.0037354561500251293,0.008651293567492434,0.0031388401985168457,56.74180897002671
triad,976,0.0061470442451536655,0.02746502450399125,0.005341529846191406,66.64435351028735
triad,977,0.002090559573844075,0.06447611090551869,0.014781832695007324,111.7573266530407
triad,978,0.01498277485370636,0.011174743605669907,0.005159616470336914,77.01887190343781
triad,979,0.017224228009581566,0.07763756452731746,0.026835083961486816,180.50549314226623
triad,980,0.01224957499653101,0.0026238763887862313,0.002078533172607422,56.4594261558703
triad,981,0.012155880220234394,0.04349829370299811,0.038165539503097534,203.63801049873163
triad,982,0.021652696654200554,0.04665431005231227,0.0039825439453125,63.681897904778396
triad,983,0.017489558085799217,0.04239558201838653,0.00705188512802124,66.63561153853385
triad,984,0.009506725706160069,0.03130209043396909,0.015016317367553711,340.52281890146594
triad,985,0.01624891348183155,0.018178847244550957,0.00023567676544189453,38.77591988743097
triad,986,0.02234174869954586,0.015904231268763364,0.013125240802764893,102.01704195479665
triad,987,0.03167131543159485,0.05330244294812842,0.05020958185195923,118.2224154194263
triad,988,0.017838334664702415,0.004833975249485554,0.004491865634918213,74.4771660250674
triad,989,0.01847897469997406,0.08283018718177632,0.08773435652256012,165.9949166118153
triad,990,0.007457280065864325,0.007986140132908518,0.0033731460571289062,63.326012621157545
triad,991,0.010210981592535973,0.005310023944106923,0.006391286849975586,74.40291314070035
triad,992,0.01649627648293972,0.01997644330032103,0.0065094828605651855,176.4002849171102
triad,993,0.010066631250083447,0.05416670135676372,0.047629550099372864,196.34481017597366
triad,994,0.011526636779308319,0.07454862463116867,0.035667359828948975,121.39824072122607
triad,995,0.010398454032838345,0.06827292491262385,0.053481340408325195,121.76132815794048
triad,996,0.013443849049508572,0.045710107694848554,0.028426378965377808,135.00114169374723
triad,997,0.021232202649116516,0.07543453006312911,0.034697771072387695,177.61121983725496
triad,998,0.020033420994877815,0.028128372514058465,0.040334880352020264,278.26104567480667
triad,999,0.004720826167613268,0.019598816242074744,0.030108481645584106,223.84979811171348
triad,1000,0.009100607596337795,0.02242216722414067,0.0024340152740478516,65.83569620604706
triad,1001,0.014060654677450657,0.020252762957589928,0.0008029937744140625,54.86259195114089
triad,1002,0.013023491948843002,0.002803253160400493,0.0022349953651428223,64.2263466960947
triad,1003,0.030876196920871735,0.015033548954064602,0.03890758752822876,150.8315274465085
triad,1004,0.010340221226215363,0.017599368767106844,0.00039821863174438477,52.55715989336362
triad,1005,0.02169281803071499,0.013635206969022751,0.010421216487884521,108.75906537496242
triad,1006,0.0044824350625276566,0.039670087012461414,0.011910796165466309,112.29304267513533
triad,1007,0.020266888663172722,0.09300940706394296,0.03199952840805054,165.89889346578136
triad,1008,0.010633813217282295,0.007829268366222122,0.017365992069244385,133.38334131787983
triad,1009,0.007629289757460356,0.010658722034319341,0.004743695259094238,78.22602886606236
triad,1010,0.006567122880369425,0.005503189702816934,0.0015447735786437988,58.2593970348877
triad,1011,0.014985174871981144,0.07094582995629657,0.023926615715026855,135.58860946486624
triad,1012,0.008139698766171932,0.05589524572871673,0.02146756649017334,108.87835850477542
triad,1013,0.008627762086689472,0.03685334980851204,0.026274532079696655,141.78654111447875
triad,1014,0.012324131093919277,0.050211301294878594,0.008344411849975586,127.70134254447422
triad,1015,0.014820857904851437,0.016736608379838723,0.006539285182952881,72.02470878580866
triad,1016,0.02006305754184723,0.04629364524593252,0.013221502304077148,273.2773375655684
triad,1017,0.028055449947714806,0.09688152896347973,0.03165310621261597,163.2519161062707
triad,1018,0.010903909802436829,0.07789196043166237,0.03169739246368408,137.80229785812898
triad,1019,0.005387932062149048,0.0042645795795649526,0.00045627355575561523,50.47387330486517
triad,1020,0.02670464850962162,0.025513972175449182,0.05797070264816284,168.40000800167095
triad,1021,0.0038734350819140673,0.06391058210011438,0.029412806034088135,123.96277183378669
triad,1022,0.007227218709886074,0.01633294936798358,0.001473069190979004,51.87415822132989
triad,1023,0.011937287636101246,0.005157224321356324,0.0010335445404052734,45.33206218619627
corrected,0,0.018265431746840477,0.014276586300074579,0.002486705780029297,163.63511287075062
corrected,1,0.016701780259609222,0.023124385236985498,0.013360917568206787,284.55725957176924
corrected,2,0.010703866370022297,0.007138971555803522,0.031003564596176147,381.14062059249306
corrected,3,0.013487945310771465,0.033796818686291356,0.03259086608886719,153.50252936169036
corrected,4,0.00683693727478385,0.022384773468400856,0.012849569320678711,140.78050849168838
corrected,5,0.00487745925784111,0.003190576476043769,0.0004527568817138672,60.56442865667395
corrected,6,0.005394396837800741,0.0034074258421975404,0.0009576976299285889,66.11891781449108
corrected,7,0.018864167854189873,0.010720374435213394,0.004411220550537109,173.02623202144028
corrected,8,0.008059822954237461,0.01381596256205757,0.001591503620147705,73.90088245788299
corrected,9,0.014010678045451641,0.009519027733220407,0.003489851951599121,84.66129338741766
corrected,10,0.014106880873441696,0.007931057499931442,0.00039005279541015625,58.841158899655134
corrected,11,0.006174328271299601,0.021904690033629624,0.0513150691986084,216.73623396723957
corrected,12,0.012714551761746407,0.004202674986192807,0.006850719451904297,267.82727530046685
corrected,13,0.006683680694550276,0.007707320343580617,0.004220724105834961,104.08177082164534
corrected,14,0.012802503071725368,0.01199272213862917,0.00186079740524292,63.276701505153184
corrected,15,0.006097553297877312,0.002835667583467989,0.0006219446659088135,85.06602858493125
corrected,16,0.008489888161420822,0.006003809863226309,0.011270388960838318,507.59007566093294
corrected,17,0.011233712546527386,0.01195119832042506,0.00029790401458740234,65.41332003729994
corrected,18,0.0041503701359033585,0.014640108343701178,0.02061563730239868,158.82152582849548
corrected,19,0.006175648421049118,0.013162492496664714,0.0012890100479125977,163.48335890855967
corrected,20,0.0017131315544247627,0.01595477008719335,0.027615904808044434,156.84372519701762
corrected,21,0.012422032654285431,0.01075077768530875,0.0031772851943969727,85.65698472392623
corrected,22,0.012783229351043701,0.01714351940822374,0.010874748229980469,103.69524145586361
corrected,23,0.013417108915746212,0.0061797086661433045,0.001373291015625,72.4445976250951
corrected,24,0.013778540305793285,0.00985847176577864,0.018391072750091553,156.48251014677547
corrected,25,0.0015330881578847766,0.0035103709111627994,0.0005687475204467773,75.27057297896604
corrected,26,0.012689583003520966,0.017237076751949205,0.016307592391967773,157.3409227008991
corrected,27,0.008444865234196186,0.004310184111382815,0.00135880708694458,55.29477301223673
corrected,28,0.00718724774196744,0.006435996171052853,0.005061641335487366,195.7183845497202
corrected,29,0.008038286119699478,0.006895569578731883,0.06656718254089355,176.65752814906264
corrected,30,0.00770541513338685,0.018092460750973243,0.014555871486663818,161.7634038251806
corrected,31,0.00786083098500967,0.0041201300593362794,0.0007966160774230957,54.84876745187808
corrected,32,0.007035195827484131,0.0024245823307839556,0.02150815725326538,206.19913968061505
corrected,33,0.0073860022239387035,0.008786703603802596,0.0023598670959472656,93.21063487052747
corrected,34,0.014448613859713078,0.015075190092916711,0.013030290603637695,191.05040655535566
corrected,35,0.008919777348637581,0.015277654002724034,0.0011965632438659668,64.00012779903267
corrected,36,0.010573352687060833,0.004119128195451682,0.0014317035675048828,102.18744723436541
corrected,37,0.015354546718299389,0.006285719624537289,0.013114511966705322,158.87396298543595
corrected,38,0.01441789697855711,0.010313993342910593,0.008508682250976562,91.74093669235235
corrected,39,0.0013419388560578227,0.007155166128529069,0.009093999862670898,124.41311176884273
corrected,40,0.011042241007089615,0.012410366750752065,0.022961795330047607,167.19496540001484
corrected,41,0.0028776931576430798,0.0225426790072796,0.006696820259094238,188.29995355537042
corrected,42,0.012319638393819332,0.002921422528298211,0.0012866854667663574,91.08645864936622
corrected,43,0.0072576929815113544,0.01649680881084061,0.027839601039886475,175.29241462617426
corrected,44,0.005793784745037556,0.004939274374696732,0.0034828484058380127,109.18429718769937
corrected,45,0.006506634876132011,0.036529789295571026,0.02048957347869873,222.98229265587392
corrected,46,0.007061222102493048,0.0035770154099686044,0.009531140327453613,118.00242392523553
corrected,47,0.010447626002132893,0.003997307014034271,0.012965202331542969,169.94905036061976
corrected,48,0.013604559935629368,0.009075707276153278,0.002371549606323242,84.56263426368149
corrected,49,0.006764684338122606,0.005459790278532436,0.0013006925582885742,80.57530257885425
corrected,50,0.01816612109541893,0.027937496888783758,0.040043532848358154,275.97558597980543
corrected,51,0.008252996020019054,0.005425171462450638,0.001066744327545166,74.3833154065929
corrected,52,0.014522343873977661,0.013892179190083887,0.05508631467819214,216.22120315102015
corrected,53,0.00788538996130228,0.009981773934928861,0.009689271450042725,127.51058028980624
corrected,54,0.010129176080226898,0.00851853767494433,0.014383196830749512,115.92229969512985
corrected,55,0.013965797610580921,0.0223055268533164,0.014922618865966797,122.60783294802901
corrected,56,0.013205165974795818,0.015044146216719649,0.007781982421875,132.2061751574656
corrected,57,0.01153485756367445,0.003277291442712215,0.023375213146209717,156.70527327913933
corrected,58,0.01632125861942768,0.006880026952092736,0.006484329700469971,143.51659358460412
corrected,59,0.011569811031222343,0.00901613729388549,0.004544377326965332,67.5816198002375
corrected,60,0.009951372630894184,0.01922707417117032,0.009061038494110107,197.2702448514724
corrected,61,0.006604349240660667,0.0027463662215546944,0.0009207278490066528,110.42869962296248
corrected,62,0.009547499939799309,0.009478597865383477,0.03511613607406616,174.1293786200181
corrected,63,0.00616008136421442,0.016382677747854162,0.01172870397567749,142.74062147749237
corrected,64,0.008169730193912983,0.004409666381865267,0.001129150390625,79.08275094879517
corrected,65,0.012113701552152634,0.026052699441218637,0.0256497859954834,117.31594657879208
corrected,66,0.013488881289958954,0.028150735216603724,0.03091120719909668,164.08303084786724
corrected,67,0.0028020564932376146,0.006456107973257882,0.001635432243347168,86.41667475979966
corrected,68,0.013242275454103947,0.02150279696866173,0.008294105529785156,150.1228347792802
corrected,69,0.011213917285203934,0.01812361543821532,0.03275090456008911,187.35468824515436
corrected,70,0.015254102647304535,0.009669407306374875,0.006861209869384766,104.45238127265637
corrected,71,0.00470138993114233,0.008495828528579144,0.025923073291778564,148.94293270807324
corrected,72,0.0026366279926151037,0.03795836739832248,0.028066396713256836,224.35157745346137
corrected,73,0.011550231836736202,0.008793569820320587,0.0026893019676208496,69.62180606225152
corrected,74,0.014378663152456284,0.027509998924419708,0.03476989269256592,145.12884228184745
corrected,75,0.006665830034762621,0.00961695344997283,0.0067459046840667725,89.37951409646311
corrected,76,0.006954203359782696,0.01099015872771039,0.0031395554542541504,76.72286410211446
corrected,77,0.005930447019636631,0.010375262307184696,0.0008504986763000488,93.77143373526346
corrected,78,0.012040132656693459,0.006659885306870788,0.008335471153259277,123.37112559541131
corrected,79,0.010953063145279884,0.011705510405983275,0.0013720393180847168,96.59790781027763
corrected,80,0.009982812218368053,0.007191526241392239,0.0007966756820678711,64.42235223899698
corrected,81,0.0016064259689301252,0.014360807759552167,0.0005995035171508789,83.0262276741987
corrected,82,0.012488611973822117,0.018410416006189048,0.00844508409500122,225.97907759214746
corrected,83,0.014031827449798584,0.006756147407208647,0.039765119552612305,293.5109926883506
corrected,84,0.0075917840003967285,0.03415126324021144,0.021387219429016113,186.33711649422682
corrected,85,0.013970918953418732,0.016626702506669064,0.008367419242858887,141.61459051274323
corrected,86,0.007430069614201784,0.005955527799773898,0.0004222989082336426,63.684300434895846
corrected,87,0.007359097246080637,0.004970208780413239,0.028199538588523865,313.69997163432026
corrected,88,0.010851914063096046,0.008905183500093615,0.0019856691360473633,104.6196711952247
corrected,89,0.01339451503008604,0.0059141400497265,0.001500248908996582,74.05087388334972
corrected,90,0.0014835952315479517,0.0013193923529325271,0.0006233453750610352,78.30677192384245
corrected,91,0.011416423134505749,0.010303876941512087,0.0036420822143554688,78.04591050792546
corrected,92,0.0058063422329723835,0.014656097338673632,0.0076198577880859375,127.09947370995326
corrected,93,0.008201947435736656,0.0037205946578707525,0.000641167163848877,74.24009138108592
corrected,94,0.009975860826671124,0.039085721635734455,0.04241311550140381,188.2169492789724
corrected,95,0.001714513055048883,0.004228689163597479,0.0005169510841369629,74.67264585053569
corrected,96,0.014164065010845661,0.021491564853132323,0.01573657989501953,155.609733361268
corrected,97,0.0122691560536623,0.02457451578818298,0.015172719955444336,164.99938926339684
corrected,98,0.00603661360219121,0.01579494192730526,0.00535428524017334,170.41451455141222
corrected,99,0.013937579467892647,0.014507929594839606,0.008932232856750488,98.52120206527776
corrected,100,0.006753593683242798,0.012710367455075464,0.0038018226623535156,100.08397869411021
corrected,101,0.017353618517518044,0.012746236413529078,0.0024669766426086426,125.80039199569552
corrected,102,0.0029712438117712736,0.033364027981054575,0.03719228506088257,211.21163312671587
corrected,103,0.013444812968373299,0.01701281560524213,0.011614501476287842,131.09061811246127
corrected,104,0.005685380659997463,0.027600641400135486,0.03340458869934082,161.69507555195491
corrected,105,0.009565763175487518,0.006884022177427819,0.0015597939491271973,80.02953242474577
corrected,106,0.005920013412833214,0.0036287494528919875,0.005539834499359131,106.84742000163698
corrected,107,0.011798829771578312,0.006852325437875661,0.012845456600189209,140.3659005784547
corrected,108,0.0045462059788405895,0.007087432247143124,0.0027981996536254883,84.62897545171833
corrected,109,0.012598772533237934,0.005564188734459822,0.0002428293228149414,55.75960897925514
corrected,110,0.006522148381918669,0.0014043234710622624,0.0143890380859375,130.7630683269471
corrected,111,0.006261656992137432,0.009979435573270771,0.03944408893585205,228.363999854945
corrected,112,0.007991373538970947,0.012033607645837708,0.0056348443031311035,114.93995158058868
corrected,113,0.014943471178412437,0.016483102154136366,0.0042334794998168945,109.21962068004126
corrected,114,0.008483367040753365,0.009124442484604955,0.008985698223114014,124.51513952491469
corrected,115,0.00792265497148037,0.006432736038843686,0.0013049840927124023,77.51703445546894
corrected,116,0.014297104440629482,0.007143314425868616,0.00026917457580566406,55.387835990339724
corrected,117,0.004780435469001532,0.014813888950801227,0.007982969284057617,129.40107120774567
corrected,118,0.008163870312273502,0.010905554768440415,0.005223274230957031,103.50479113908307
corrected,119,0.012330017052590847,0.0033186596622600583,0.010169923305511475,157.40924819464382
corrected,120,0.006398067809641361,0.02413627812075233,0.030884981155395508,172.56492649078817
corrected,121,0.006587603595107794,0.011118895022856312,0.004232287406921387,99.45223451855693
corrected,122,0.005612434819340706,0.013207426613627426,0.0009435415267944336,70.13135731036229
corrected,123,0.005283500999212265,0.01951429904394662,0.00949716567993164,203.94573151452556
corrected,124,0.006455534603446722,0.011162083637214888,0.02679002285003662,150.28209940648827
corrected,125,0.012763181701302528,0.010647177613178752,0.0013219118118286133,71.94823034637295
corrected,126,0.006246001925319433,0.01265425295684972,0.014852762222290039,227.28004345137774
corrected,127,0.013948868028819561,0.008563848731016684,0.0010756850242614746,80.50007671339546
corrected,128,0.010688728652894497,0.004491801605906432,0.003170907497406006,91.45952648881747
corrected,129,0.00893031619489193,0.015550763732343759,0.010371148586273193,136.97565942753567
corrected,130,0.006482192315161228,0.005314899744129582,0.002740412950515747,125.67016988606602
corrected,131,0.007973904721438885,0.006873664401793338,0.006002277135848999,339.72024725074687
corrected,132,0.01161390170454979,0.0387519822359563,0.0432625412940979,190.13666004105886
corrected,133,0.009605967439711094,0.02949604951191573,0.012917712330818176,602.1033749448985
corrected,134,0.008467169478535652,0.003627150141790822,0.016068220138549805,127.64445052803548
corrected,135,0.0024885565508157015,0.0033099817277769793,0.007925271987915039,115.55716695414608
corrected,136,0.0060434103943407536,0.035337436527216146,0.045093834400177,161.00263454107034
corrected,137,0.011214724741876125,0.008775705268444338,0.034133464097976685,365.7101088019672
corrected,138,0.004913676995784044,0.015573027450117788,0.012893080711364746,218.03796460754765
corrected,139,0.004614687990397215,0.0030022310921109913,0.004591584205627441,96.1899679633688
corrected,140,0.012675370089709759,0.032320888041870825,0.031801462173461914,143.11710932100155
corrected,141,0.008010725490748882,0.01346401709909354,0.02757522463798523,411.1151301663687
corrected,142,0.008093707263469696,0.011209149188635437,0.0013650059700012207,73.19623692142233
corrected,143,0.0052501363679766655,0.00608897662085953,0.011114954948425293,138.29782741672238
corrected,144,0.0059976945631206036,0.006778048824717305,0.0019493699073791504,94.19469578941792
corrected,145,0.008583351969718933,0.004211895809952909,0.010202333331108093,481.6501180488237
corrected,146,0.0050313519313931465,0.020792566740895312,0.042870938777923584,169.4886870119637
corrected,147,0.00628436915576458,0.0058530267611171995,0.00037974119186401367,60.031174837088344
corrected,148,0.00630494998767972,0.006714196686091876,0.014148235321044922,142.41288019160964
corrected,149,0.0018401721026748419,0.004934666743696005,0.009000897407531738,124.55235850112287
corrected,150,0.014401578344404697,0.00567510486557528,0.0010559558868408203,70.0168765838965
corrected,151,0.009828220121562481,0.004376923805298893,0.02597886323928833,145.2265415921744
corrected,152,0.004964075982570648,0.018514408433643496,0.004838824272155762,120.77071641705786
corrected,153,0.008359010331332684,0.003083807964286463,0.01842886209487915,191.33125269848802
corrected,154,0.004725946579128504,0.018522021474836108,0.004700064659118652,133.84576878790904
corrected,155,0.010220482014119625,0.020629266259971874,0.057768821716308594,432.02715447570347
corrected,156,0.011749780736863613,0.005531584285809763,0.006359577178955078,285.5716222117375
corrected,157,0.012533145025372505,0.0077481218100110055,0.0003300309181213379,73.91975007797043
corrected,158,0.011340352706611156,0.003797521502999884,0.0003597736358642578,43.61088224904732
corrected,159,0.005067605059593916,0.009381655196783778,0.0033034086227416992,154.40304314189288
corrected,160,0.004869204014539719,0.013322370724559223,0.03317663073539734,178.90579769670137
corrected,161,0.004580181557685137,0.01117943494178059,0.0018835067749023438,111.84707905726388
corrected,162,0.008184466511011124,0.0034343100524560463,0.000398099422454834,61.62500444591035
corrected,163,0.0038150884211063385,0.0038989420753523176,0.007716000080108643,115.11712003011692
corrected,164,0.006841051857918501,0.004510071066133898,0.006132572889328003,252.95001727619072
corrected,165,0.014550882391631603,0.017919173672966394,0.02807074785232544,315.9733245034812
corrected,166,0.007269784342497587,0.021265020559438897,0.04471482336521149,298.9704856427461
corrected,167,0.015077776275575161,0.009191455020447662,0.0033576488494873047,82.96647745043366
corrected,168,0.010759757831692696,0.004403609653750505,0.00022095441818237305,47.58501063678541
corrected,169,0.008186755701899529,0.008207043557962168,0.08675448596477509,476.4549592282229
corrected,170,0.01348927617073059,0.007092544753122817,0.0006240606307983398,66.75465620779534
corrected,171,0.0016472918214276433,0.004439498553085524,0.0023224353790283203,93.0564716298918
corrected,172,0.01201878022402525,0.02189962779855981,0.041406840085983276,374.6291941919435
corrected,173,0.01268891803920269,0.013519424680401838,0.006573677062988281,87.8571096143534
corrected,174,0.0047368574887514114,0.01440338791855485,0.003173232078552246,109.49509005861378
corrected,175,0.010267813690006733,0.0044706235034773344,0.012810826301574707,207.3492815096285
corrected,176,0.013386786915361881,0.01989320304027327,0.006896615028381348,124.12298404632114
corrected,177,0.009581289254128933,0.0031852264612505297,0.0024002790451049805,91.235333326235
corrected,178,0.012376009486615658,0.017025146292538075,0.004600167274475098,110.87250335951451
corrected,179,0.004498475231230259,0.02009387596933839,0.011980175971984863,127.099357313849
corrected,180,0.0054605696350336075,0.0039285713938011675,0.0004934370517730713,82.14128252392462
corrected,181,0.01809174381196499,0.0026338106942527814,0.004979491233825684,176.57406027963165
corrected,182,0.010431243106722832,0.027198775914832586,0.09645047783851624,419.77601831330225
corrected,183,0.01459167618304491,0.008185048283007677,0.002505183219909668,82.51045152114521
corrected,184,0.007260497659444809,0.00608634783400887,0.0013821125030517578,80.73255648332008
corrected,185,0.006054738070815802,0.010701238545615376,0.0003968477249145508,61.65778568714573
corrected,186,0.014301621355116367,0.018326483680232555,0.012193024158477783,223.71406423635105
corrected,187,0.008168283849954605,0.007772546652472831,0.013072550296783447,517.8798614375805
corrected,188,0.0032617568504065275,0.01618178607840845,0.01449441909790039,145.42624714380457
corrected,189,0.007194755133241415,0.014238152620275463,0.08429862558841705,311.46155271171074
corrected,190,0.014091391116380692,0.008166829735805339,0.011139273643493652,145.223021850355
corrected,191,0.014934715814888477,0.010786793656366953,0.013037621974945068,274.09568812846464
corrected,192,0.009947744198143482,0.007192481509514417,0.0032811760902404785,86.79187152585443
corrected,193,0.011381804943084717,0.005857371174979723,0.0016935467720031738,89.6374651771281
corrected,194,0.00494738295674324,0.01743874241824975,0.034995466470718384,186.24539555761368
corrected,195,0.0014244491467252374,0.004468440313131503,0.0005614757537841797,76.89088227854292
corrected,196,0.005363127216696739,0.002115352461406689,0.0005264878273010254,110.27844184803124
corrected,197,0.011794948019087315,0.0038420530705045174,0.0067375898361206055,288.57434515933204
corrected,198,0.017662378028035164,0.016403902457688073,0.013086855411529541,277.93314500918
corrected,199,0.002925974316895008,0.018918377791187026,0.015836000442504883,153.2919174262333
corrected,200,0.013563279993832111,0.009605915205392303,0.0042684078216552734,88.69348878046196
corrected,201,0.0053792670369148254,0.037128978877414134,0.028563261032104492,212.0454348033697
corrected,202,0.00820775143802166,0.010751750628866085,0.002855539321899414,65.95669322445747
corrected,203,0.00848192349076271,0.021119739653773624,0.06269225478172302,523.4830129509256
corrected,204,0.0018183522624894977,0.005144417904820281,0.003466665744781494,97.97218402775948
corrected,205,0.010263617150485516,0.005474032878409708,0.0010572075843811035,74.89163983017004
corrected,206,0.0055071692913770676,0.0295654719936203,0.031032443046569824,208.71564558753408
corrected,207,0.01263023167848587,0.011153871330660717,0.015490591526031494,132.6920864789495
corrected,208,0.006129606161266565,0.012615106370279327,0.007842838764190674,161.9823251008119
corrected,209,0.008176935836672783,0.006075965032433286,0.001999795436859131,79.9450734032476
corrected,210,0.01095960009843111,0.011128803783953043,0.01308971643447876,117.87200539429871
corrected,211,0.008403710089623928,0.003472463914395454,0.015361830592155457,506.5879960361796
corrected,212,0.005483046639710665,0.01907246785700701,0.0008825063705444336,87.80555822952667
corrected,213,0.014123696833848953,0.020180607679609476,0.006516933441162109,149.526996234019
corrected,214,0.008960561826825142,0.007388921420977221,0.0019510388374328613,86.15248353494923
corrected,215,0.012750109657645226,0.013285763690068765,0.008167862892150879,101.62252950214626
corrected,216,0.018644608557224274,0.02397479246367328,0.018283069133758545,277.2482396761327
corrected,217,0.004565888084471226,0.03091757073283582,0.022892117500305176,180.60305311872463
corrected,218,0.005696907173842192,0.006647061604868768,0.02089381217956543,152.14366478128213
corrected,219,0.007614586036652327,0.02356518377909941,0.0020123720169067383,212.75506650981197
corrected,220,0.008128433488309383,0.008043079971881768,0.0018839836120605469,90.33253135224764
corrected,221,0.003468345617875457,0.036624296213595545,0.039850711822509766,214.6275682590085
corrected,222,0.01641255058348179,0.009478347241320228,0.0018242597579956055,114.59859938072132
corrected,223,0.005305387545377016,0.006938240179189366,0.054401516914367676,215.87878646462607
corrected,224,0.014378361403942108,0.006712874224882859,0.013364851474761963,139.46523082955414
corrected,225,0.012542095966637135,0.008922434158899905,0.011420965194702148,126.03379361004771
corrected,226,0.005483600776642561,0.009605962771824433,0.0037450790405273438,111.63533546766001
corrected,227,0.01632930524647236,0.005118178592451158,0.004089474678039551,193.0740848300794
corrected,228,0.011599662713706493,0.00456268381616606,0.003855109214782715,100.23575573541432
corrected,229,0.013087941333651543,0.02993160484167409,0.025326251983642578,126.4384553377665
corrected,230,0.0029334682039916515,0.03542381231156783,0.028262972831726074,221.2504487170841
corrected,231,0.007904481142759323,0.01931867062113545,0.016506493091583252,156.0746956391398
corrected,232,0.010643063113093376,0.01117163161387008,0.004666566848754883,71.44062582817077
corrected,233,0.006159994751214981,0.030919731571412284,0.03356516361236572,187.25459690204048
corrected,234,0.014018801972270012,0.008360111599098498,0.0012129545211791992,80.38367355404034
corrected,235,0.006147210486233234,0.019130530460010665,0.013650000095367432,205.24143104962317
corrected,236,0.005052241031080484,0.008606400529715836,0.0006874799728393555,62.681400536552836
corrected,237,0.00719412649050355,0.007997691922415161,0.004927545785903931,202.67379134434765
corrected,238,0.012110332027077675,0.03401539313423849,0.03220868110656738,164.07065327802158
corrected,239,0.0067298696376383305,0.01696316593219578,0.026000529527664185,216.9282693739841
corrected,240,0.0076512908563017845,0.006435035445128062,0.009181737899780273,197.93114389426736
corrected,241,0.007201853673905134,0.00610075765630088,0.017713278532028198,318.23688347324145
corrected,242,0.008070440031588078,0.006917303000563054,0.01652461290359497,168.50011367375512
corrected,243,0.009733282029628754,0.014797526656516145,0.007306098937988281,113.65322153183081
corrected,244,0.010162578895688057,0.023232454331910634,0.011188805103302002,168.22598224904021
corrected,245,0.005261562764644623,0.00935471420120675,0.003938615322113037,97.15453097144025
corrected,246,0.011600098572671413,0.016738344983046702,0.003147304058074951,91.08913687067113
corrected,247,0.013497247360646725,0.012013510493448142,0.017344355583190918,128.55428973117907
corrected,248,0.007698241155594587,0.023894740362150745,0.026245594024658203,137.21798422874593
corrected,249,0.006208311300724745,0.00480397889362782,0.0008445382118225098,79.08863850900693
corrected,250,0.018386539071798325,0.0045781428640310805,0.012373507022857666,186.9426408023558
corrected,251,0.013636440970003605,0.012373193385158151,0.0037893056869506836,114.9036011539797
corrected,252,0.014588343910872936,0.003418766242852192,0.00427401065826416,126.80305462284358
corrected,253,0.015489514917135239,0.003897318504789803,0.009157180786132812,229.78079277552825
corrected,254,0.014505574479699135,0.025501328873961438,0.028404951095581055,141.59371906013186
corrected,255,0.007104291580617428,0.008180719542184562,0.005729794502258301,103.29763146103909
corrected,256,0.006151012144982815,0.0110348147447158,0.005260109901428223,116.84468333199669
corrected,257,0.017857111990451813,0.009329690141050943,0.0033954381942749023,165.64266237783752
corrected,258,0.00646004406735301,0.014798065645246744,0.04106253385543823,146.94806337339233
corrected,259,0.009749623015522957,0.011820124537860372,0.003996551036834717,96.77972400802375
corrected,260,0.004558377433568239,0.013699547713853575,0.0011255741119384766,92.43903257505664
corrected,261,0.0128540163859725,0.010782115153809476,0.0012328624725341797,60.10205940115286
corrected,262,0.012521263211965561,0.008238406794536086,0.0005691051483154297,61.66073925368448
corrected,263,0.010590145364403725,0.00462989648674592,0.0007415413856506348,65.35999492129746
corrected,264,0.011429929174482822,0.009959599130398195,0.00033038854598999023,68.61011765309813
corrected,265,0.012726266868412495,0.005042661170879047,0.0012829899787902832,66.45378300119758
corrected,266,0.010051064193248749,0.011921153950593387,0.055689454078674316,427.4758370922924
corrected,267,0.0022737085819244385,0.006234752864186369,0.021277546882629395,141.55534044873065
corrected,268,0.008208089508116245,0.005443872246485081,0.0009050965309143066,72.49182987470331
corrected,269,0.015586442314088345,0.009632887919822345,0.0021413564682006836,122.7256651090795
corrected,270,0.01235300861299038,0.020202133826947508,0.013004660606384277,162.67647917864795
corrected,271,0.006000224035233259,0.013490031996462966,0.03367882966995239,131.31619418085242
corrected,272,0.0015244904207065701,0.013647582061510857,0.0032178163528442383,118.23279039562999
corrected,273,0.011322876438498497,0.015716222361135443,0.014828085899353027,119.11269002883381
corrected,274,0.006690015085041523,0.004262883497293941,0.030826672911643982,256.74141350014105
corrected,275,0.013980627991259098,0.012344974273402826,0.0006459951400756836,68.43518956808995
corrected,276,0.009180990047752857,0.006402994382359419,0.0012279748916625977,52.000216620073466
corrected,277,0.011685056611895561,0.016107966201266106,0.018398672342300415,417.0733603419937
corrected,278,0.006253656931221485,0.01078206887902307,0.013725519180297852,125.9485834446505
corrected,279,0.005748032126575708,0.0027680297836906458,0.00032448768615722656,81.67482477673578
corrected,280,0.005192813463509083,0.017846870198883334,0.027364641427993774,174.7604174782448
corrected,281,0.00892849825322628,0.006414540282192035,0.0025228261947631836,66.03116622365678
corrected,282,0.005494733806699514,0.007861248181327505,0.004969269037246704,101.82500510374679
corrected,283,0.011372651904821396,0.008539181814730158,0.008280634880065918,298.27337097413584
corrected,284,0.014539007097482681,0.016568052155026648,0.024409115314483643,121.85497917997641
corrected,285,0.011644436046481133,0.029793004644734822,0.027005493640899658,114.42215395965654
corrected,286,0.009329738095402718,0.013768004002563469,0.02858346700668335,156.1578406040097
corrected,287,0.003537731012329459,0.011939420727585458,0.02694767713546753,157.62802018003134
corrected,288,0.008053409866988659,0.014277531540766147,0.009896516799926758,113.45230323381399
corrected,289,0.00587545707821846,0.009818551051032371,0.007205188274383545,134.0017666625731
corrected,290,0.013976318761706352,0.008190903811049728,0.00377771258354187,219.7952475600248
corrected,291,0.00533305061981082,0.02383850698619039,0.03339698910713196,175.28857557509224
corrected,292,0.013349843211472034,0.008234900248043145,0.0006365776062011719,61.675404424596216
corrected,293,0.004567360505461693,0.012326801642220003,0.0005754232406616211,68.52145648670606
corrected,294,0.00884273648262024,0.02034236154896577,0.010465383529663086,94.60784132538168
corrected,295,0.010928845033049583,0.007596813278128227,0.008270621299743652,314.8316048051925
corrected,296,0.005529637914150953,0.005203758450072438,0.004186272621154785,103.1640109561568
corrected,297,0.005612839013338089,0.00696404035262167,0.0008939504623413086,78.66360399592511
corrected,298,0.007951448671519756,0.006855963318058612,0.0012896060943603516,76.61802401765581
corrected,299,0.006091491784900427,0.020213836027517685,0.01252204179763794,220.5656285661669
corrected,300,0.018735455349087715,0.005948706503032119,0.0021452903747558594,135.5689566075606
corrected,301,0.0074599143117666245,0.004248479253777273,0.009584188461303711,113.71947464744362
corrected,302,0.00611146492883563,0.019061605472133387,0.010747671127319336,178.73340379090072
corrected,303,0.006079121492803097,0.025123971866158386,0.01961231231689453,212.4988260326822
corrected,304,0.004140163771808147,0.008073074334819012,0.016121745109558105,139.5316381384733
corrected,305,0.013152269646525383,0.008141556512979096,0.0002707839012145996,63.43653431750459
corrected,306,0.013662532903254032,0.014331793128378357,0.016391396522521973,190.0360764562617
corrected,307,0.013843419030308723,0.006230320053115054,0.0012376904487609863,78.10681926626722
corrected,308,0.011371083557605743,0.013429343250264502,0.000431060791015625,69.76658053353266
corrected,309,0.004349326249212027,0.0055619765083171875,0.0029114484786987305,83.68173265861977
corrected,310,0.006771098356693983,0.0051750895005855755,0.001288294792175293,82.10572373239602
corrected,311,0.012648703530430794,0.009676848015026466,0.0026677846908569336,76.96856736738123
corrected,312,0.006077687256038189,0.026727417007478948,0.02802985906600952,159.9277342055121
corrected,313,0.012703458778560162,0.01679187250353662,0.010587573051452637,152.62461931529296
corrected,314,0.0121283158659935,0.012942097435275662,0.03010857105255127,208.2360681929864
corrected,315,0.018237292766571045,0.0033479493006128265,0.003376781940460205,165.2386208160634
corrected,316,0.008508068509399891,0.005959242951406682,0.02539566159248352,517.6000809324127
corrected,317,0.015033933334052563,0.004229748103291175,0.008896470069885254,228.84079350008597
corrected,318,0.007526790723204613,0.006571265341015577,0.0005460381507873535,50.74559582718426
corrected,319,0.00669032521545887,0.00510032867010079,0.00040596723556518555,61.333880098490354
corrected,320,0.01666456274688244,0.011548426254375571,0.0024306774139404297,144.71548604384452
corrected,321,0.00852839183062315,0.007658024982158219,0.002043306827545166,60.93601589236301
corrected,322,0.006425445433706045,0.0020588209102656357,0.009106159210205078,95.91125659776341
corrected,323,0.014576176181435585,0.01713406202740739,0.014466166496276855,108.88608152998731
corrected,324,0.012639218010008335,0.012535129393613363,0.0039781928062438965,84.15797871692881
corrected,325,0.012897652573883533,0.008690801368803996,0.0025038719177246094,71.84214449788092
corrected,326,0.0068290336057543755,0.011097776893213592,0.012630864977836609,195.0218597479291
corrected,327,0.004687934182584286,0.012627726171628334,0.000984787940979004,81.41614648036074
corrected,328,0.01185799203813076,0.006688588978488583,0.019059687852859497,329.383982349946
corrected,329,0.005083554890006781,0.03520683313547261,0.06526929140090942,197.40551931694267
corrected,330,0.012152908369898796,0.029878417186382573,0.02920687198638916,195.55339389350755
corrected,331,0.01700625754892826,0.004571037405936265,0.008957862854003906,167.61279091831935
corrected,332,0.012340443208813667,0.020651057055685963,0.009072661399841309,127.20740744881184
corrected,333,0.008878471329808235,0.01722588073320775,0.015058457851409912,173.10405975453537
corrected,334,0.012670452706515789,0.014035279213059705,0.006205439567565918,89.03813699507477
corrected,335,0.0018640159396454692,0.01767937911684833,0.0019339323043823242,139.35923946997767
corrected,336,0.018016701564192772,0.013641390288527408,0.022405683994293213,240.86574553034782
corrected,337,0.007795057725161314,0.016472270692971955,0.00721365213394165,99.81013345907687
corrected,338,0.00882578082382679,0.009937603958409275,0.02524586021900177,555.3073322664294
corrected,339,0.008490902371704578,0.0141590297415771,0.007739126682281494,102.88814459676577
corrected,340,0.00408956641331315,0.014137061134085957,0.0037723779678344727,117.3091438841751
corrected,341,0.01301806140691042,0.004707889422144625,0.003492116928100586,121.3029295327386
corrected,342,0.0033197985030710697,0.006128673531527509,0.0048133134841918945,108.17391586718243
corrected,343,0.006868819706141949,0.004364353248871779,0.017041444778442383,121.66183343868357
corrected,344,0.014414760284125805,0.025157181240562685,0.016597330570220947,222.78604000140817
corrected,345,0.005790719296783209,0.006053024954835358,0.0004558563232421875,72.03038520582831
corrected,346,0.0034538363106548786,0.008370592359702939,0.004025399684906006,96.60651111369617
corrected,347,0.006272914353758097,0.0021098110299731993,0.0017490088939666748,170.62750859665618
corrected,348,0.007976492866873741,0.006804467335636168,0.002572476863861084,195.20392832989054
corrected,349,0.0018661041976884007,0.024297676814984317,0.013281702995300293,182.66288838150504
corrected,350,0.007987073622643948,0.015267718087251038,0.013047575950622559,124.29102449417496
corrected,351,0.006807394325733185,0.020424588274316077,0.03507085144519806,233.75176835577855
corrected,352,0.004928121343255043,0.006648216666654582,0.017651021480560303,187.40934124651716
corrected,353,0.006395942531526089,0.018054346751488096,0.00023633241653442383,53.275965743015696
corrected,354,0.006768300663679838,0.01029966297701679,0.0012466907501220703,77.95347871198472
corrected,355,0.004943263251334429,0.0333738102343783,0.0319828987121582,187.05390535999908
corrected,356,0.01670604571700096,0.004900473430526637,0.007785141468048096,210.98827263859488
corrected,357,0.0015641109785065055,0.02423938506801466,0.016010284423828125,183.90949457809947
corrected,358,0.007062570657581091,0.005933488034808971,0.0004391670227050781,63.954241395407074
corrected,359,0.018271956592798233,0.029754918975856755,0.04647982120513916,260.00389641725803
corrected,360,0.005297067109495401,0.009881666425257224,0.004479885101318359,109.39079583208621
corrected,361,0.004167469218373299,0.019457297511380502,0.01579529047012329,177.81475789944213
corrected,362,0.01677105575799942,0.010811130506521877,0.014999449253082275,256.35904642736284
corrected,363,0.006155992858111858,0.017672289505030102,0.012495815753936768,150.1317242323747
corrected,364,0.008693840354681015,0.023137776012906487,0.039858222007751465,811.2651594236231
corrected,365,0.014404668472707272,0.008988034871435435,0.00022268295288085938,66.62689856168733
corrected,366,0.015196939930319786,0.01710838441912193,0.0319899320602417,293.6256760162336
corrected,367,0.011200941167771816,0.004634142546931688,0.001939237117767334,54.440270534750276
corrected,368,0.005918082781136036,0.027098546786496352,0.013981938362121582,177.8305613395744
corrected,369,0.0024620024487376213,0.008898956137773941,0.0025116801261901855,107.75902025819667
corrected,370,0.009568128734827042,0.007777424438030101,0.0005434155464172363,60.38851000682277
corrected,371,0.014934195205569267,0.014554185848165035,0.011228203773498535,107.08623644111931
corrected,372,0.014242587611079216,0.027210147529660302,0.030620455741882324,134.057207396916
corrected,373,0.012801557779312134,0.0029934508274332603,0.003976047039031982,240.0840412928432
corrected,374,0.012519413605332375,0.00783932914206383,0.0004134178161621094,58.88037280947883
corrected,375,0.0069594066590070724,0.005103824037312182,0.0022791028022766113,75.62975049183814
corrected,376,0.012400471605360508,0.003796877957815188,0.0001678466796875,43.26827188816476
corrected,377,0.0020404194947332144,0.010257385589749642,0.009568929672241211,128.38279571851967
corrected,378,0.012744879350066185,0.004501959279433842,0.006241917610168457,134.25505068134447
corrected,379,0.012411924079060555,0.002258366729493114,0.0001773834228515625,44.619880017901565
corrected,380,0.014717947691679,0.012783747752463505,0.0024110078811645508,83.28916446679648
corrected,381,0.013429952785372734,0.015010935401851045,0.002003312110900879,89.64482762033909
corrected,382,0.01395495142787695,0.006757273693603904,0.0011277198791503906,66.31791760333522
corrected,383,0.004912290722131729,0.015676429693978325,0.010324597358703613,104.43094201489187
corrected,384,0.0042890869081020355,0.0067161898456528655,0.0038423538208007812,88.64498489127286
corrected,385,0.0016580646624788642,0.016282943300004973,0.0006349086761474609,86.92168806229813
corrected,386,0.005906779319047928,0.019549133470297016,0.023178398609161377,180.20504662905608
corrected,387,0.01858990266919136,0.011626843043042106,0.002003908157348633,127.59873829686977
corrected,388,0.012694769538939,0.004392205244478425,0.00046622753143310547,57.22897733055733
corrected,389,0.002135609043762088,0.010644501853815398,0.0004974007606506348,75.83600618053815
corrected,390,0.011575297452509403,0.006927679194740255,0.00830984115600586,104.16697957926459
corrected,391,0.008993027731776237,0.011855207350979977,0.006299078464508057,107.4338907018669
corrected,392,0.008589209988713264,0.008171284328396184,0.001327812671661377,69.87841121022032
corrected,393,0.01858985796570778,0.006673270755765866,0.008385002613067627,191.58045955829368
corrected,394,0.012136794626712799,0.017594685505140588,0.03476250171661377,200.39664770549845
corrected,395,0.009247486479580402,0.01718545189651581,0.023984909057617188,153.41282571770114
corrected,396,0.010667166672647,0.013166954140277699,0.005168318748474121,70.2951281317886
corrected,397,0.004338554572314024,0.023145882441010353,0.013592362403869629,173.66205458421635
corrected,398,0.006593906786292791,0.014606964157795627,0.03491155803203583,238.77841096207607
corrected,399,0.0014047757722437382,0.00955366537336958,0.008170604705810547,125.78406213184584
corrected,400,0.01239537913352251,0.01574095516375996,0.010672330856323242,190.05046433337165
corrected,401,0.015339917503297329,0.019154752444624567,0.0083465576171875,95.18591661208593
corrected,402,0.006874424871057272,0.022240833406077798,0.014388084411621094,141.3613599782794
corrected,403,0.007379582617431879,0.009805841404453017,0.008040308952331543,105.92455711465975
corrected,404,0.011484651826322079,0.01805382082337586,0.016541242599487305,191.40232192526184
corrected,405,0.00839577242732048,0.009120288601332217,0.03706370294094086,509.1052437775317
corrected,406,0.006310402415692806,0.015376813388834459,0.011575043201446533,116.60382478902312
corrected,407,0.01361030526459217,0.024292197847146903,0.02386796474456787,229.69075398798486
corrected,408,0.011482763104140759,0.0063157204487986045,0.005045175552368164,102.3931498316509
corrected,409,0.006084935739636421,0.0020434292713257906,0.0009676814079284668,70.33380871306719
corrected,410,0.006141672842204571,0.03375602605407334,0.035226285457611084,202.7864767305959
corrected,411,0.008668513968586922,0.021260416851892932,0.0020685791969299316,72.44210783254952
corrected,412,0.017094876617193222,0.009331838609909163,0.006943643093109131,156.47466571053658
corrected,413,0.007208396214991808,0.007056168644285667,0.013835430145263672,303.13464002617326
corrected,414,0.012510781176388264,0.0097689593298631,0.016853690147399902,140.58858276988343
corrected,415,0.012818424962460995,0.003440646600703514,0.003932923078536987,237.53247602812613
corrected,416,0.006113914772868156,0.002214710166547033,0.0018100142478942871,79.18971874464431
corrected,417,0.006338244304060936,0.01361341440329379,0.0016013383865356445,91.95102705084686
corrected,418,0.015016824938356876,0.015399431446869944,0.009814858436584473,104.59882996606059
corrected,419,0.004897733684629202,0.0038755186531393053,0.011918306350708008,124.24879999923856
corrected,420,0.003960146103054285,0.026793505544091663,0.022923946380615234,176.4093386816772
corrected,421,0.008811268955469131,0.01755591445701399,0.014063119888305664,155.5206200801273
corrected,422,0.007376416586339474,0.012884502832058924,0.011760950088500977,112.74985146368417
corrected,423,0.011337175965309143,0.006799652979551502,0.004188120365142822,95.63114479119128
corrected,424,0.00829536747187376,0.005762820261470555,0.0007259845733642578,66.54578110573651
corrected,425,0.012532677501440048,0.004426104909686408,0.0011326074600219727,62.02959010821299
corrected,426,0.006393431220203638,0.019626656260324997,0.028442859649658203,158.3527327449087
corrected,427,0.008187160827219486,0.010946696313728877,0.012415111064910889,218.90884575677876
corrected,428,0.009357339702546597,0.009191380986255954,0.0031347274780273438,97.51033288421684
corrected,429,0.005013563204556704,0.02145270916801975,0.005833983421325684,174.84749770236596
corrected,430,0.009102505631744862,0.004083282657604216,0.005200207233428955,94.79359046165641
corrected,431,0.0060072955675423145,0.02019262842125542,0.022468388080596924,143.30648929482143
corrected,432,0.006930564530193806,0.009350156774470503,0.01723550260066986,258.25722809193564
corrected,433,0.0060436660423874855,0.016769343358856357,0.0010774731636047363,69.3790942579336
corrected,434,0.007761735934764147,0.0065696031807876394,0.004084408283233643,87.65753394333018
corrected,435,0.014097887091338634,0.02970997022930946,0.03333640098571777,221.6498321971278
corrected,436,0.005452809389680624,0.008016851248608278,0.005026727914810181,88.00034153878832
corrected,437,0.008634294383227825,0.010232315270972936,0.01851917803287506,544.2951987513225
corrected,438,0.01327382493764162,0.006613772109821992,0.0020720362663269043,82.29352614594266
corrected,439,0.004672519862651825,0.010171936294423653,0.0008471012115478516,67.750555724611
corrected,440,0.013503959402441978,0.029456012836560335,0.026017069816589355,140.93868760166797
corrected,441,0.012049281969666481,0.005831616686913343,0.0008158087730407715,74.79819144533823
corrected,442,0.0064488244242966175,0.021559716825923142,0.0058040618896484375,88.9645484561534
corrected,443,0.009590640664100647,0.0016721108426000363,9.745359420776367e-05,35.91603531598465
corrected,444,0.012588068842887878,0.00573574206811919,0.0028541088104248047,94.15279897451533
corrected,445,0.007656457833945751,0.018929996258706124,0.0213850736618042,120.36839892422799
corrected,446,0.014792199246585369,0.008524866268520994,0.007470846176147461,158.8382302822419
corrected,447,0.012503505684435368,0.005095119392018243,0.0030759572982788086,94.11774914291685
corrected,448,0.009377874433994293,0.017563681613410397,0.006747543811798096,188.50055198235614
corrected,449,0.002387771848589182,0.026633984755584116,0.012020230293273926,226.47538330970667
corrected,450,0.01134526263922453,0.011965781452683531,0.000915825366973877,93.22637959484972
corrected,451,0.013000957667827606,0.012730498290215034,0.0036139488220214844,85.3680662689752
corrected,452,0.007365352939814329,0.016617768412830844,0.003977060317993164,129.0298417657653
corrected,453,0.007159773260354996,0.0025669760589824816,0.019083380699157715,200.2620952106526
corrected,454,0.01828952506184578,0.004165047622986244,0.008954346179962158,194.9862063050615
corrected,455,0.005052410066127777,0.009613613629955213,0.017331242561340332,165.660145414897
corrected,456,0.008946276269853115,0.014751399328990115,0.011761903762817383,88.7198687660516
corrected,457,0.007304355036467314,0.011165375389936585,0.0009202957153320312,75.38332752832764
corrected,458,0.00817190669476986,0.0075833987945180484,0.0013551712036132812,94.09008017706282
corrected,459,0.010863108560442924,0.025020827150368803,0.029506444931030273,110.55473378804878
corrected,460,0.00816286075860262,0.004345573606072259,0.0008467435836791992,67.42634424364081
corrected,461,0.011311830952763557,0.025274677708069588,0.0180855393409729,162.21004669470565
corrected,462,0.010181653313338757,0.01345814634833847,0.026940226554870605,436.37444085826013
corrected,463,0.018572082743048668,0.006603239788598904,0.012077271938323975,198.03293098050372
corrected,464,0.006003628950566053,0.009579966638801415,0.0030182600021362305,116.31009394969614
corrected,465,0.01677899807691574,0.004121641676786638,0.005574285984039307,151.13420556269375
corrected,466,0.005688258446753025,0.01653197382599642,0.011520832777023315,121.93361127470095
corrected,467,0.010008510202169418,0.010972887252610638,0.004649937152862549,84.98173196088406
corrected,468,0.011248466558754444,0.003704261149729354,0.004415392875671387,103.38283499603864
corrected,469,0.012416313402354717,0.02794703327645321,0.028518199920654297,121.17372750618327
corrected,470,0.00626673549413681,0.0088981674022458,0.021545052528381348,139.09814531803025
corrected,471,0.006119237747043371,0.030283554807033115,0.008781969547271729,94.68347286683499
corrected,472,0.006881545763462782,0.01656850115678526,0.0020743608474731445,96.7101287796886
corrected,473,0.01003370899707079,0.005463485309755125,0.0031387805938720703,59.54427867200711
corrected,474,0.013797212392091751,0.01528417117893837,0.003290921449661255,218.13999933929114
corrected,475,0.0075134402140975,0.01353444047035465,0.01135706901550293,139.34617298541806
corrected,476,0.006296620238572359,0.028604309604958203,0.05239450931549072,181.55994213348748
corrected,477,0.007368934340775013,0.003775298623177702,0.0015257596969604492,82.41840952411992
corrected,478,0.014715403318405151,0.010257336275107493,0.023622751235961914,147.41777050362805
corrected,479,0.018291397020220757,0.005064175362615181,0.01731199026107788,195.55498270011617
corrected,480,0.005655101966112852,0.010515022990480724,0.0011886358261108398,76.52323439409233
corrected,481,0.013348937965929508,0.006471135225463687,0.0022693276405334473,80.9770270418822
corrected,482,0.01864778809249401,0.007199849997069728,0.0037989020347595215,154.27666089154073
corrected,483,0.009372157976031303,0.007629572049357023,0.019023016095161438,467.82562246115657
corrected,484,0.014700939878821373,0.00877349609587376,0.02320551872253418,150.9655565702183
corrected,485,0.017787521705031395,0.013660066068460442,0.038824260234832764,259.95892493509365
corrected,486,0.013622664846479893,0.015956978915657855,0.0017791986465454102,99.66520440679497
corrected,487,0.012872057035565376,0.013375816214050245,0.002715885639190674,68.98132058839794
corrected,488,0.007755483500659466,0.020915433958582093,0.028057456016540527,184.38781393163555
corrected,489,0.004939093720167875,0.004417298520526672,0.014586061239242554,198.09964695127596
corrected,490,0.007269023451954126,0.021179817404629573,0.03141677379608154,146.34987428471132
corrected,491,0.01277076080441475,0.01921995290062467,0.014641523361206055,150.5498547722097
corrected,492,0.013777571730315685,0.01314554395312858,0.014414072036743164,125.91377725751903
corrected,493,0.005289202090352774,0.02299982868645117,0.040799498558044434,225.06315527585141
corrected,494,0.019031884148716927,0.011643340118258735,0.03850609064102173,214.38725300502705
corrected,495,0.005871064029633999,0.0024902548864028737,0.0006847381591796875,72.58898718912047
corrected,496,0.0027010769117623568,0.011352586986174706,0.00588071346282959,119.5474479600779
corrected,497,0.006231305189430714,0.036538565495406405,0.04562580585479736,190.4773443646512
corrected,498,0.005887757055461407,0.006999544802846443,0.0026837587356567383,82.25670193524908
corrected,499,0.014242425560951233,0.021199938123996724,0.0020868778228759766,76.39749328756076
corrected,500,0.007084020879119635,0.006813798131558591,0.009289443492889404,100.4062218993739
corrected,501,0.005492841824889183,0.0067526352476485335,0.00240287184715271,95.08989368363125
corrected,502,0.005515390075743198,0.005663673354324192,0.04749742150306702,219.9472932556426
corrected,503,0.005908737424761057,0.010631152652958158,0.04795730113983154,194.60374933761153
corrected,504,0.013495000079274178,0.0027631387125085422,0.007163107395172119,123.23902446673289
corrected,505,0.00852927379310131,0.0016600277729835163,0.006748020648956299,482.0948713041806
corrected,506,0.012474633753299713,0.00756419260371736,0.0008539557456970215,54.10035159111788
corrected,507,0.01467531081289053,0.03823741596950388,0.042393624782562256,260.67265932231345
corrected,508,0.006287476047873497,0.0026554354094079557,0.0007452964782714844,60.437326518002266
corrected,509,0.007946816273033619,0.005688662613058919,0.006696939468383789,94.27130926020041
corrected,510,0.004846448544412851,0.020649087771791974,0.021470189094543457,123.06762552760863
corrected,511,0.012313682585954666,0.0060930451635178365,0.007080435752868652,114.44954263604873
corrected,512,0.0032363946083933115,0.01307016347635064,0.011405706405639648,142.90427693882842
corrected,513,0.019012974575161934,0.01988943748067936,0.020211458206176758,233.49516620835055
corrected,514,0.010829363018274307,0.0316190517155564,0.024860024452209473,185.42203960332242
corrected,515,0.009697025641798973,0.0118501087819507,0.09960506856441498,457.8934530436096
corrected,516,0.014042634516954422,0.01768182035328215,0.0020914673805236816,77.29317991259732
corrected,517,0.0065145776607096195,0.0065853202423800826,0.022462546825408936,162.502266710729
corrected,518,0.010352120734751225,0.004549254121790439,0.005544215440750122,323.10305722793527
corrected,519,0.005706816911697388,0.0051865918371326045,0.010923564434051514,119.20326350144182
corrected,520,0.014548953622579575,0.005126272676380879,0.0052086710929870605,115.66450404748797
corrected,521,0.011161872185766697,0.03103253161845663,0.04087132215499878,147.579458868979
corrected,522,0.008990599773824215,0.013347342675974927,0.033656761050224304,551.8553801254606
corrected,523,0.006082459352910519,0.0030432720953706624,0.0022869110107421875,85.6067223328707
corrected,524,0.0030718022026121616,0.01651268871098618,0.007463276386260986,103.75921773294522
corrected,525,0.006929287686944008,0.0047521325131929726,0.0029891133308410645,80.11069944386719
corrected,526,0.014705268666148186,0.026417275691090283,0.018641412258148193,228.85698546852464
corrected,527,0.016672689467668533,0.004838693142587822,0.011390209197998047,164.5428878040917
corrected,528,0.007937591522932053,0.01000880656159143,0.004044473171234131,173.79833772787305
corrected,529,0.0070691234432160854,0.006638047742365167,0.0025883913040161133,93.73941761043254
corrected,530,0.006040362641215324,0.018353810712867433,0.008526504039764404,202.47584213294562
corrected,531,0.008778861723840237,0.012927425649569663,0.029763877391815186,529.684880707548
corrected,532,0.0072424146346747875,0.011794519123465923,0.0182732492685318,274.72123388702005
corrected,533,0.007763678673654795,0.025874833558449058,0.01802694797515869,195.100393956047
corrected,534,0.006107940338551998,0.012494967556744806,0.003095388412475586,124.09841185456919
corrected,535,0.014985729940235615,0.017299132745685432,0.015243291854858398,113.19203181699356
corrected,536,0.006780616473406553,0.017024225677856202,0.012847304344177246,184.8597767833441
corrected,537,0.015358123928308487,0.01212551831863404,0.005274653434753418,92.48615437919194
corrected,538,0.01438746228814125,0.005812141708996262,0.0007978677749633789,68.29008080614123
corrected,539,0.013085574842989445,0.0040338079084242156,0.00033086538314819336,64.98369765174343
corrected,540,0.012652606703341007,0.007786752534057885,0.002574622631072998,73.09604155672473
corrected,541,0.004285846836864948,0.003041894672188236,0.001295924186706543,71.56831246183071
corrected,542,0.01215779036283493,0.028799840259950128,0.006773710250854492,112.06485299146657
corrected,543,0.008879688568413258,0.010250046410030396,0.02127261459827423,541.699462059751
corrected,544,0.013568097725510597,0.03199297740057925,0.032469749450683594,144.47118832189193
corrected,545,0.007792443502694368,0.017289184468782103,0.0034660696983337402,74.17337373076518
corrected,546,0.014579202979803085,0.009184243460823355,0.00036454200744628906,59.364404341602594
corrected,547,0.005130578298121691,0.02607321584696382,0.029530107975006104,195.9770751283277
corrected,548,0.006427266635000706,0.025024633629345913,0.0003440380096435547,56.76759133331849
corrected,549,0.00890661682933569,0.013934606341987413,0.011563599109649658,109.28288515012397
corrected,550,0.01295437477529049,0.003798365557242128,0.005788594484329224,249.83872445054303
corrected,551,0.014107509516179562,0.008635424468287764,0.0002848505973815918,67.68969999065277
corrected,552,0.014376581646502018,0.0022708698883382216,0.0012304186820983887,100.81144653935888
corrected,553,0.012306337244808674,0.0053018621783730655,0.002535104751586914,99.93831381897628
corrected,554,0.006432018242776394,0.003986671567661949,0.004507303237915039,80.02148582761872
corrected,555,0.0061703030951321125,0.007727288485064525,0.019557923078536987,220.99476529209585
corrected,556,0.00784824974834919,0.020896428182543576,0.00328826904296875,80.60514285511631
corrected,557,0.01114835124462843,0.0117482819657337,0.018488049507141113,137.99053379979534
corrected,558,0.007211445365101099,0.013330147038617108,0.03118254244327545,266.33614725618634
corrected,559,0.012671605683863163,0.006453902368026467,0.0003898739814758301,64.05132319911755
corrected,560,0.00689543504267931,0.010728531586539703,0.007137775421142578,108.85258817785675
corrected,561,0.007076398003846407,0.011017234935071599,0.0016486644744873047,87.92250309743517
corrected,562,0.015112045221030712,0.011180944349331154,0.005891591310501099,211.29471649827113
corrected,563,0.01546897366642952,0.03119701451141449,0.042601704597473145,213.13276856521142
corrected,564,0.008171645924448967,0.004234690423834406,0.0005846023559570312,65.5062456130587
corrected,565,0.009267731569707394,0.0029087021450880366,0.01579079031944275,442.6903743950327
corrected,566,0.006067533046007156,0.024579685223744253,0.014896869659423828,223.078641388768
corrected,567,0.007357201538980007,0.018738411169402516,0.038019418716430664,283.1787426897326
corrected,568,0.00480764452368021,0.007877328258273506,0.0010965466499328613,89.34704982597565
corrected,569,0.009736352600157261,0.009165238586897238,0.013226151466369629,134.3001068303786
corrected,570,0.006692375522106886,0.02189879847853823,0.030300259590148926,136.0765420607433
corrected,571,0.010006483644247055,0.002851093028450997,0.013839125633239746,387.73956101154886
corrected,572,0.012328099459409714,0.0029559251506311706,0.0008533596992492676,77.0939919968797
corrected,573,0.004086153116077185,0.0034895854349589,0.003917694091796875,104.04092111050572
corrected,574,0.012622347101569176,0.005081363834185303,0.0008350610733032227,65.29125574904457
corrected,575,0.007987793534994125,0.011120773947627042,0.025438949465751648,403.00705401151214
corrected,576,0.013517118990421295,0.010137669890824237,0.0037585794925689697,222.51639524312384
corrected,577,0.004841525107622147,0.011618758149630624,0.00033926963806152344,70.99993303274852
corrected,578,0.011345874518156052,0.011231025886963026,0.02672511339187622,145.5573906305436
corrected,579,0.005472762510180473,0.01672235646427134,0.04054534435272217,199.195651731652
corrected,580,0.01187385804951191,0.005546116370073688,0.0005576610565185547,147.90579924568968
corrected,581,0.008018484339118004,0.011057913178230412,0.03522709012031555,428.6266513674204
corrected,582,0.006076896097511053,0.023966070900798633,0.01644003391265869,105.08911515951789
corrected,583,0.006092302035540342,0.0019645483643365483,8.794665336608887e-05,46.585038805307455
corrected,584,0.013015232980251312,0.01063505171013151,0.00764012336730957,103.26275226320352
corrected,585,0.012103741988539696,0.005701410427719966,0.012193918228149414,182.19228383447862
corrected,586,0.00854585226625204,0.01840077717865718,0.028714418411254883,211.81726900494976
corrected,587,0.00505524268373847,0.01297850218740331,0.0010970830917358398,86.47719668096114
corrected,588,0.012704066000878811,0.006635339233686554,0.0011272430419921875,60.68352977374411
corrected,589,0.014529495500028133,0.013245049130183695,0.004973888397216797,124.45549473769023
corrected,590,0.012495804578065872,0.04283487474107193,0.04740482568740845,224.00763814166265
corrected,591,0.012131018564105034,0.011068865580725486,0.007654249668121338,94.40614257377781
corrected,592,0.008091206662356853,0.018539282641091386,0.024915754795074463,203.58312188698608
corrected,593,0.0080739576369524,0.024315360576117617,0.03044801950454712,181.45870089172175
corrected,594,0.0069959149695932865,0.0033826458972730125,0.0008857250213623047,60.66741342261374
corrected,595,0.01801983453333378,0.01067150309469012,0.0023481249809265137,154.83194970472945
corrected,596,0.007333695888519287,0.045369445385389576,0.03619217872619629,212.00278415583412
corrected,597,0.012595247477293015,0.003104638110781313,0.0006002187728881836,71.8220458019657
corrected,598,0.006503499578684568,0.010127584486576644,0.04021400213241577,164.64716857837266
corrected,599,0.009481060318648815,0.014605054135034592,0.04550135135650635,445.07824833945386
corrected,600,0.0105297164991498,0.006879371004974682,0.04660937190055847,392.16470765342297
corrected,601,0.009405957534909248,0.01124485502482998,0.023191511631011963,224.84604756576195
corrected,602,0.012862857431173325,0.014505541949048989,0.0008012652397155762,68.23111906232717
corrected,603,0.008136113174259663,0.014711419576329843,0.03487209975719452,489.18363420624183
corrected,604,0.006555858533829451,0.00474532313842168,0.015360116958618164,126.23305219678771
corrected,605,0.011244956403970718,0.006410462114756813,0.0022362470626831055,93.54270257586472
corrected,606,0.005139286629855633,0.003687423250110685,0.0005344748497009277,71.61751263982087
corrected,607,0.008443607948720455,0.009039898621032404,0.016998291015625,157.3687609581776
corrected,608,0.012592118233442307,0.010634228302186511,0.0016093254089355469,75.09736959371752
corrected,609,0.012610861100256443,0.015285527010780942,0.0034406185150146484,231.0073021252787
corrected,610,0.004612285643815994,0.02216670150677566,0.016196131706237793,112.22450627735547
corrected,611,0.005961289629340172,0.007464671621562857,0.003914237022399902,104.34293230352003
corrected,612,0.008559503592550755,0.032775988046682795,0.035847604274749756,213.69768597452475
corrected,613,0.006168961524963379,0.0035243239642991824,0.005196630954742432,87.75159171042286
corrected,614,0.004262150265276432,0.009577237304817037,0.009874343872070312,104.66488928355503
corrected,615,0.012786618433892727,0.01901182580733127,0.008227825164794922,93.84896853823645
corrected,616,0.006647549569606781,0.0020355410600515667,0.004982948303222656,99.55973938185481
corrected,617,0.014786443673074245,0.005993342281274498,0.006854712963104248,131.88703749552351
corrected,618,0.005249846260994673,0.01849635816049933,0.009415984153747559,122.51157855342183
corrected,619,0.008503483608365059,0.010615220962969938,0.019649028778076172,531.932797771794
corrected,620,0.007424759678542614,0.018986835872163536,0.054680973291397095,311.0234566339765
corrected,621,0.006661681458353996,0.007825576167966784,0.012880146503448486,110.47479523829189
corrected,622,0.010224893689155579,0.012937142406807428,0.008120357990264893,79.20999219408276
corrected,623,0.013006784953176975,0.004589629083258075,0.0024247169494628906,65.42908275221563
corrected,624,0.007322330959141254,0.00935315858113504,0.0026929378509521484,93.07057861402315
corrected,625,0.007368970196694136,0.030110261223171217,0.009725093841552734,212.60027989496936
corrected,626,0.015807507559657097,0.0037954636048070996,0.008426368236541748,220.57452215287265
corrected,627,0.005600278731435537,0.012821377713023536,0.007830679416656494,110.53282029292163
corrected,628,0.0157992634922266,0.005313686692786254,0.036757826805114746,201.8044435771742
corrected,629,0.018204815685749054,0.004101865730455479,0.007964789867401123,167.20264578471796
corrected,630,0.004684946965426207,0.014421886197968579,0.0029906034469604492,108.92274113547381
corrected,631,0.006640888284891844,0.0026041690448863446,0.007316887378692627,92.76627930384873
corrected,632,0.006185907870531082,0.02409175489733007,0.019606709480285645,181.5500866655972
corrected,633,0.006595657207071781,0.0032890014794043107,0.002868354320526123,98.0417267329605
corrected,634,0.015354093164205551,0.012781855010683305,0.015469908714294434,121.46418133027268
corrected,635,0.010084408335387707,0.025103883581048304,0.07678185403347015,457.26729915835534
corrected,636,0.00466469582170248,0.006421667189152655,0.0008009672164916992,66.86496659679445
corrected,637,0.007479091640561819,0.005305860064823566,0.0004233121871948242,66.533431018199
corrected,638,0.005878932308405638,0.027299514623901306,0.01803457736968994,113.95017769541978
corrected,639,0.012310422025620937,0.0034846439820249353,0.011313080787658691,137.84152988506315
corrected,640,0.008131984621286392,0.0065576068323815575,0.0017715096473693848,80.62591068140293
corrected,641,0.00628567673265934,0.00197296195900126,0.0014804601669311523,67.16223227549253
corrected,642,0.011375726200640202,0.024927200497680595,0.02546870708465576,132.92760623944827
corrected,643,0.01177164539694786,0.00753319969701061,0.005142509937286377,106.63331850052137
corrected,644,0.012112831696867943,0.0026856894005364857,0.00019675493240356445,44.732664261989456
corrected,645,0.0030834469944238663,0.0044221227753098976,0.0006496906280517578,76.83465057036246
corrected,646,0.004735276568681002,0.001653691711786419,0.004554152488708496,89.58194793270003
corrected,647,0.006761400029063225,0.020949228061736273,0.0009976625442504883,73.81366510187631
corrected,648,0.005718478467315435,0.02052532029527949,0.0030510425567626953,186.24580093019853
corrected,649,0.012811701744794846,0.011430310526980061,0.0079803466796875,103.69518236360697
corrected,650,0.011317388154566288,0.006789346034847681,0.012743264436721802,345.2191806355397
corrected,651,0.005808408837765455,0.023304899557993152,0.0007135868072509766,78.79096604723526
corrected,652,0.009055184200406075,0.0059299790892237665,0.034473881125450134,502.7160617039725
corrected,653,0.01873888075351715,0.005161018865603312,0.0022140145301818848,139.29602488564302
corrected,654,0.005939356982707977,0.010425276784901443,0.007983744144439697,139.03194036174304
corrected,655,0.009058946743607521,0.0060321594733539876,0.023326337337493896,487.89019746627
corrected,656,0.010208237916231155,0.009749430977761927,0.0064247846603393555,97.55799519007716
corrected,657,0.001953758066520095,0.010545323346435369,0.0063544511795043945,121.14821245226446
corrected,658,0.005468519404530525,0.001635389526055644,0.00023677945137023926,58.40080644504192
corrected,659,0.01365025993436575,0.009693824853696924,0.00735926628112793,98.99915730264291
corrected,660,0.011719847097992897,0.03574531559233125,0.04211020469665527,182.75438464259955
corrected,661,0.012431480921804905,0.02238093665467156,0.01402735710144043,127.9044811973601
corrected,662,0.00830724649131298,0.00612472910069302,0.015092656016349792,467.42474249548263
corrected,663,0.013026554137468338,0.024631157601427076,0.03546416759490967,180.20992318754253
corrected,664,0.007375367917120457,0.01751644796195569,0.00176239013671875,100.3963494591354
corrected,665,0.015467540360987186,0.021989512999811348,0.02155083417892456,196.75801644840743
corrected,666,0.006556188687682152,0.0037271803237978597,0.0006400346755981445,65.69262266039989
corrected,667,0.012821170501410961,0.021412162142531783,0.012271642684936523,118.16228837935141
corrected,668,0.009164422750473022,0.010871979746425583,0.005989670753479004,100.61487714554679
corrected,669,0.006361756008118391,0.0037805654818176006,0.0012669563293457031,82.38327852519139
corrected,670,0.01389661617577076,0.0038293595896912182,0.012135207653045654,262.51192274922914
corrected,671,0.009683742187917233,0.003158248740002987,0.006974160671234131,390.41790303893833
corrected,672,0.004660525359213352,0.0016069045424808015,0.006446242332458496,114.07176388100258
corrected,673,0.00731893815100193,0.003045937172493545,0.0010886192321777344,77.09985666875687
corrected,674,0.00633230758830905,0.00844155628889088,0.005148768424987793,95.29507227777121
corrected,675,0.006081259343773127,0.006411486013427687,0.007565498352050781,95.77362038697093
corrected,676,0.012464476749300957,0.02279324741211728,0.014542639255523682,183.14678209784708
corrected,677,0.012485509738326073,0.017002637905957733,0.009514689445495605,153.8586812147641
corrected,678,0.00581053551286459,0.01038568084157651,0.047663092613220215,161.7724385215643
corrected,679,0.00600765086710453,0.013901625104389782,0.015825510025024414,165.52330721084772
corrected,680,0.011684224009513855,0.013890280926474437,0.010859787464141846,127.24434308947583
corrected,681,0.011200250126421452,0.005110893642224022,0.0003623366355895996,50.29541798376117
corrected,682,0.01781456358730793,0.005197445052713962,0.003864288330078125,141.3033961556325
corrected,683,0.010166922584176064,0.009098420619792758,0.0334601104259491,411.7245356693155
corrected,684,0.0065308259800076485,0.0033192773668333946,0.005764961242675781,102.20205132998309
corrected,685,0.006751684937626123,0.009387908900795015,0.018264710903167725,147.80114054265755
corrected,686,0.008220294490456581,0.004729201166514465,0.0008119344711303711,93.74034086277564
corrected,687,0.005431300029158592,0.004466480550560911,0.000765681266784668,76.43818774175061
corrected,688,0.018550360575318336,0.005357404942879855,0.002974212169647217,146.25838314309814
corrected,689,0.002469793427735567,0.002257107896284284,0.0035982131958007812,101.78729889195948
corrected,690,0.008062385953962803,0.014121585069014826,0.0014305710792541504,72.65527412641981
corrected,691,0.002348841167986393,0.008593484406467062,0.001048266887664795,90.55291531855912
corrected,692,0.009020637720823288,0.012209831319871758,0.011781454086303711,115.17082871506872
corrected,693,0.006341940723359585,0.015531414368780345,0.00020653009414672852,52.59660967261088
corrected,694,0.005478160921484232,0.006048887047493976,0.007730603218078613,157.50684972214836
corrected,695,0.015308743342757225,0.0024203603385709567,0.002681136131286621,184.75657173259077
corrected,696,0.0029627217445522547,0.02688324757276578,0.03135120868682861,197.35929498793777
corrected,697,0.011279737576842308,0.026624600992225637,0.01414567232131958,93.83442508611667
corrected,698,0.01217653602361679,0.021357735625950273,0.016268253326416016,199.96475973763094
corrected,699,0.012888047844171524,0.012499606955152611,0.029813170433044434,151.28316613772424
corrected,700,0.01578695885837078,0.005457393373332767,0.021666765213012695,250.81498249608188
corrected,701,0.006180052179843187,0.014469358831117931,0.007453858852386475,118.5843364574605
corrected,702,0.014565981924533844,0.00498005130694701,0.004161715507507324,111.52571408763875
corrected,703,0.00568900303915143,0.002551445533658624,0.004763960838317871,92.51048219945531
corrected,704,0.014688130468130112,0.02070285938903341,0.008807778358459473,134.1697474408222
corrected,705,0.01260975282639265,0.006681711063836653,0.0017266273498535156,74.99581688694568
corrected,706,0.011497508734464645,0.025522498035106075,0.014947652816772461,180.3697624951949
corrected,707,0.014006111770868301,0.007960046132417024,0.023418307304382324,159.42901267276767
corrected,708,0.006502906791865826,0.014018151915819387,0.004519402980804443,78.50216355857157
corrected,709,0.0061677852645516396,0.008390182682386014,0.0076773762702941895,108.63586834187441
corrected,710,0.012862050905823708,0.02226557915789589,0.01611328125,109.80668740784544
corrected,711,0.00727480323985219,0.0038728753028069514,0.002535417675971985,185.2176795096003
corrected,712,0.005932388361543417,0.007128617468751527,0.0034506916999816895,87.13613787600524
corrected,713,0.011391201056540012,0.016844752539558118,0.012739181518554688,176.5879523290274
corrected,714,0.00736633874475956,0.0024728746325684077,0.008075624704360962,321.90733179494043
corrected,715,0.01492731086909771,0.009102349492507758,0.0005103349685668945,67.64875181921998
corrected,716,0.012263462878763676,0.025359283582617055,0.018119215965270996,151.1012360786769
corrected,717,0.014896776527166367,0.015518946167792265,0.008861780166625977,102.26291588711015
corrected,718,0.007360038347542286,0.005692813894177707,0.0029326677322387695,95.0493081129901
corrected,719,0.0033808574080467224,0.02539478594304285,0.018076717853546143,213.45489393446894
corrected,720,0.011658605188131332,0.017094217576124417,0.005906343460083008,199.4062316474035
corrected,721,0.015401458367705345,0.015683643121777918,0.01027524471282959,104.24858440125864
corrected,722,0.0061014676466584206,0.015510308838943027,0.005573868751525879,120.74811297056203
corrected,723,0.0035392139106988907,0.010964325281501253,0.0008519887924194336,83.29510729702517
corrected,724,0.012647380121052265,0.01120963016877776,0.0027408599853515625,78.67197073208222
corrected,725,0.012553120963275433,0.019905851781777895,0.014048278331756592,103.84065035343384
corrected,726,0.006335850339382887,0.013725877669701809,0.004490852355957031,129.34768825649488
corrected,727,0.007116373162716627,0.026657572799003625,0.06937980651855469,298.1482568852408
corrected,728,0.007354292087256908,0.007193033016947143,0.0009175539016723633,72.28654105550237
corrected,729,0.014474442228674889,0.0059570469277504395,0.00019669532775878906,60.54349720680911
corrected,730,0.006265219766646624,0.025670737569662653,0.029377758502960205,173.50749997594625
corrected,731,0.0056886207312345505,0.02225399015172936,0.0437682569026947,196.178819266951
corrected,732,0.005913412198424339,0.00948295794706715,0.019575536251068115,139.16808366178392
corrected,733,0.0059609985910356045,0.0030983728974590345,0.023332059383392334,132.249486193252
corrected,734,0.006523830350488424,0.013327109185524709,0.0013338327407836914,87.82106309418342
corrected,735,0.012489493936300278,0.012408856361995861,0.002780318260192871,82.77030768065268
corrected,736,0.011073751375079155,0.013736693317356548,0.010625302791595459,97.26066967901933
corrected,737,0.01899598352611065,0.03961219929402373,0.052166759967803955,280.9296820991091
corrected,738,0.011098597198724747,0.0048291292575074396,0.0010624527931213379,74.18842262257971
corrected,739,0.004689319990575314,0.017678793430460037,0.009876608848571777,176.76624649245676
corrected,740,0.007942229509353638,0.004179963082644866,0.026827573776245117,424.04124688477117
corrected,741,0.007161969318985939,0.014758925174481182,0.006732165813446045,91.23657767476021
corrected,742,0.008113251999020576,0.010533323333484553,0.024239778518676758,435.66647930969157
corrected,743,0.013413550332188606,0.01231476453762417,0.003483712673187256,125.42209658321005
corrected,744,0.008106428198516369,0.010739699195284117,0.005537867546081543,478.60952959775966
corrected,745,0.011818968690931797,0.020040521204612322,0.026638925075531006,131.52732169270377
corrected,746,0.0031203271355479956,0.020869889131080913,0.03123033046722412,165.39772426941613
corrected,747,0.00616020942106843,0.024308152721447405,0.03939655423164368,218.24914067492193
corrected,748,0.012573132291436195,0.00828149643233146,0.006258606910705566,103.37065014579653
corrected,749,0.012226356193423271,0.004108087760486998,0.011601150035858154,124.00854524372684
corrected,750,0.007482427638024092,0.007097449471507684,0.002506852149963379,83.92474231487977
corrected,751,0.007127529010176659,0.007800096741221732,0.0030815601348876953,88.59318099108347
corrected,752,0.006337255239486694,0.031127976018479372,0.030317962169647217,192.87663916816706
corrected,753,0.018907178193330765,0.006616300822834502,0.008453726768493652,177.50803658609888
corrected,754,0.013313725590705872,0.019665040244740743,0.0007758140563964844,62.45863754827096
corrected,755,0.014092563651502132,0.010422134595286596,0.0014036297798156738,73.6960162626829
corrected,756,0.006035085767507553,0.01574905841589112,0.0038295388221740723,232.31514341082845
corrected,757,0.0068191359750926495,0.009980397348234325,0.002678394317626953,87.27864488795724
corrected,758,0.006146750412881374,0.0044691507185970255,0.0003783702850341797,59.289680816272195
corrected,759,0.010214878246188164,0.004605946890610023,0.0013016462326049805,72.87903921906586
corrected,760,0.004373629577457905,0.004246169144250316,0.0009868144989013672,70.30278430811687
corrected,761,0.00969784613698721,0.01075224101852483,0.0002846717834472656,57.18637213820476
corrected,762,0.0060579003766179085,0.021826028985195096,0.01417309045791626,196.35231388232427
corrected,763,0.016468092799186707,0.02427573047236042,0.015399158000946045,240.09023673751472
corrected,764,0.0025202918332070112,0.003941192711505223,0.0056618452072143555,106.79591008502659
corrected,765,0.008191348053514957,0.01577035970100725,0.012930631637573242,165.31775054723465
corrected,766,0.012773842550814152,0.010523002110296916,0.002759575843811035,76.35158219103647
corrected,767,0.004776765592396259,0.011608294837421838,0.007345139980316162,103.99403054208366
corrected,768,0.005977618973702192,0.01648195771069312,0.01611483097076416,173.13374668558268
corrected,769,0.007915076799690723,0.015109482014808877,0.009375929832458496,135.7098111034987
corrected,770,0.007953658699989319,0.01110494692516847,0.013891339302062988,228.06773568203442
corrected,771,0.01258037332445383,0.00550835597228555,0.00370711088180542,90.80442570220272
corrected,772,0.012760283425450325,0.016589908058561195,0.014849722385406494,123.98916416841554
corrected,773,0.009058968164026737,0.006062062696486007,0.001797318458557129,60.50251584662786
corrected,774,0.008432794362306595,0.011098590029061885,0.0032557249069213867,67.03867133351395
corrected,775,0.007017022930085659,0.0026787683501259484,0.0024296045303344727,84.57740977073628
corrected,776,0.0016633776249364018,0.006990409919926997,0.0005265474319458008,75.83364726337203
corrected,777,0.007878901436924934,0.009237724189390688,0.019898682832717896,367.4006625857103
corrected,778,0.012717257253825665,0.019796721451778302,0.016405940055847168,116.04602910166078
corrected,779,0.005885974504053593,0.0069918018456004765,0.005459904670715332,108.31850043954621
corrected,780,0.00679135974496603,0.006023544641260259,0.006755143404006958,181.73063355821057
corrected,781,0.005404445808380842,0.019900941784381912,0.024081826210021973,128.6231648007181
corrected,782,0.009126808494329453,0.017495551433752025,0.021288275718688965,121.34340415302498
corrected,783,0.012719208374619484,0.00788378578765034,0.002630770206451416,74.39608848721122
corrected,784,0.005889342166483402,0.011123717557219918,0.004677414894104004,91.62765005450076
corrected,785,0.006077175959944725,0.004352431316646327,0.003845810890197754,97.02968401542391
corrected,786,0.009170569479465485,0.004516382978211344,0.024311795830726624,463.3478902327587
corrected,787,0.007166166789829731,0.017332420621229704,0.03197261691093445,255.3192508017758
corrected,788,0.007898119278252125,0.007754333331136046,0.0002681612968444824,54.89358699961792
corrected,789,0.008875480853021145,0.003339825255580177,0.002968907356262207,78.75059352094506
corrected,790,0.015045389533042908,0.0090276750984216,0.003255009651184082,113.34205892550868
corrected,791,0.006489792373031378,0.0031749061798525477,0.01308971643447876,102.54078262502584
corrected,792,0.012582924216985703,0.004544917310445994,0.0010696649551391602,61.53495992854775
corrected,793,0.003954858053475618,0.0022155853458495933,0.00039142370223999023,69.46953814529022
corrected,794,0.01651919074356556,0.028642589767117938,0.037464261054992676,307.65071022364293
corrected,795,0.006360698491334915,0.01864340632684517,0.030046522617340088,152.36975566687642
corrected,796,0.006244033575057983,0.0028710590118566238,0.002160191535949707,88.88880343293735
corrected,797,0.004634348209947348,0.010794424659499107,0.007466316223144531,104.27489680489543
corrected,798,0.009174805134534836,0.0021986001145792833,0.007839024066925049,437.63899077686835
corrected,799,0.010043506510555744,0.01655352143896128,0.009377598762512207,122.20919683986057
corrected,800,0.015130795538425446,0.020007852974128895,0.009424328804016113,97.41502097035593
corrected,801,0.004509405232965946,0.003517333557560085,0.0010651350021362305,73.26768152425133
corrected,802,0.007382027804851532,0.00353596218562967,0.005041778087615967,86.85145314844313
corrected,803,0.007362607400864363,0.004813135781502778,0.0014552325010299683,182.32040576263694
corrected,804,0.004820053931325674,0.013311802392901877,0.02153635025024414,146.7555675801403
corrected,805,0.005838268436491489,0.0011250755591119676,0.0008213520050048828,67.44723562165483
corrected,806,0.011867091991007328,0.007410181095592413,0.0016181468963623047,62.88820446759137
corrected,807,0.008165181614458561,0.013964555111766292,0.0159837007522583,203.88854757488335
corrected,808,0.015383325517177582,0.017714496031277085,0.0002734661102294922,58.87360322314112
corrected,809,0.004766689147800207,0.002884505109021137,0.032706230878829956,216.6404043521783
corrected,810,0.01300903968513012,0.005544398123417213,0.0015968680381774902,105.1443309705519
corrected,811,0.009958882816135883,0.004095391447093148,0.008591115474700928,392.90264682392996
corrected,812,0.013801989145576954,0.013729404853606925,0.02902120351791382,308.6915087412783
corrected,813,0.006263592280447483,0.006898143261715089,0.008114755153656006,169.8373043188575
corrected,814,0.006205987185239792,0.008703134235087782,0.002021610736846924,74.44893025927317
corrected,815,0.0015521005261689425,0.010566117558768575,0.015252470970153809,141.17786141329577
corrected,816,0.011187788099050522,0.010054936232224837,0.01114732027053833,146.15548690338153
corrected,817,0.012547685764729977,0.0045521659693422934,0.0011553764343261719,74.6583985190785
corrected,818,0.007902872748672962,0.006412840567109005,0.02228689193725586,393.1650561549719
corrected,819,0.006415017880499363,0.017607127204239164,0.014295339584350586,143.17039112313194
corrected,820,0.00808778777718544,0.021426545511602505,0.02024698257446289,143.8483391215288
corrected,821,0.0019240074325352907,0.013781318486121812,0.030849874019622803,139.15265136546358
corrected,822,0.004593046382069588,0.004517236492287744,0.010301470756530762,119.92373709784239
corrected,823,0.009695621207356453,0.0043182695539494146,0.014258861541748047,162.7565016351264
corrected,824,0.008401026949286461,0.001659136963078057,0.005341961979866028,461.02331639170217
corrected,825,0.014794941060245037,0.0016541162096223268,0.0023876428604125977,113.75647361946284
corrected,826,0.005222305189818144,0.006856395954081594,0.01627117395401001,198.52137165178365
corrected,827,0.001296117203310132,0.009902755108682992,0.017632126808166504,141.51090153815917
corrected,828,0.014184171333909035,0.008369203689163694,0.004382014274597168,88.1767490492675
corrected,829,0.01877216063439846,0.010009384225003429,0.002283632755279541,147.12233073023032
corrected,830,0.01621820777654648,0.013729069924730532,0.013909637928009033,269.086885870359
corrected,831,0.008136069402098656,0.01388719286846052,0.010389626026153564,169.6323982729256
corrected,832,0.006499170791357756,0.015046847943130577,0.007971525192260742,126.29951706105697
corrected,833,0.006203616037964821,0.02293503424469774,0.020840823650360107,183.21601876495583
corrected,834,0.013164166361093521,0.010386073349986725,0.008646488189697266,107.23038520538522
corrected,835,0.006324015092104673,0.016338286641882558,0.018309831619262695,140.70871273376687
corrected,836,0.010674183256924152,0.004464095303621995,0.012626826763153076,357.34266099382296
corrected,837,0.015088126063346863,0.011169170026955843,0.000750422477722168,86.52902582997665
corrected,838,0.005765959620475769,0.01567952500266364,0.00500410795211792,90.22374364585944
corrected,839,0.006275691092014313,0.030969438213956993,0.037384092807769775,179.0591357631179
corrected,840,0.005848800763487816,0.0061706175831032165,0.0048792362213134766,93.85965726926358
corrected,841,0.010354242287576199,0.011157207675309398,0.03486710786819458,388.4610537470842
corrected,842,0.011466680094599724,0.01215293242372672,0.00568699836730957,283.8031162969123
corrected,843,0.011795355007052422,0.009367509500318174,0.0055963993072509766,111.33887273012037
corrected,844,0.013634869828820229,0.005337583808762946,0.023354172706604004,288.15688635431707
corrected,845,0.0020996849052608013,0.03056426621362697,0.018067598342895508,215.47981492668976
corrected,846,0.005266549997031689,0.011820297351395679,0.0011783838272094727,87.1227983124386
corrected,847,0.006175411865115166,0.017198999361175592,0.010219454765319824,160.93702570352573
corrected,848,0.006613367237150669,0.013616412246453918,0.00752788782119751,112.68023589734045
corrected,849,0.004777196329087019,0.004191727865756312,0.04585042595863342,214.0362853909557
corrected,850,0.005347805563360453,0.021109209265503567,0.03719288110733032,185.81179626135986
corrected,851,0.012159611098468304,0.004666337796670057,0.0003528594970703125,61.36582549373844
corrected,852,0.011268001981079578,0.004002573527307093,0.00029659271240234375,64.88960387703649
corrected,853,0.009313201531767845,0.019450354520565403,0.01724088191986084,128.84452819286773
corrected,854,0.013219930231571198,0.0068236451414024155,0.00025653839111328125,55.8438404592213
corrected,855,0.0020514826755970716,0.01358102730322505,0.0022658109664916992,91.44296212020177
corrected,856,0.009795795194804668,0.015234787425773022,0.011457741260528564,116.02796828869832
corrected,857,0.007756620645523071,0.033736774290394574,0.04770386219024658,179.34499944556228
corrected,858,0.006575922016054392,0.004096082583492146,0.000872492790222168,69.25451824534447
corrected,859,0.005865524988621473,0.010925504937858817,0.004218995571136475,82.28398494169348
corrected,860,0.012267877347767353,0.007821514238052524,0.03533041477203369,196.03864393035596
corrected,861,0.006672333925962448,0.005864626893377808,0.0018445253372192383,83.60738762480058
corrected,862,0.012360522523522377,0.006134307918010677,0.019762873649597168,164.78998705971475
corrected,863,0.012507892213761806,0.011806936733739386,0.013864099979400635,140.82081084757968
corrected,864,0.004603125620633364,0.011515787895382002,0.00457000732421875,88.7013275402706
corrected,865,0.013009139336645603,0.004991935751448346,0.0035168826580047607,228.29386679727986
corrected,866,0.011311208829283714,0.0066748373611034886,0.0007045269012451172,75.83491349167433
corrected,867,0.004351309034973383,0.007693409230588474,0.006088376045227051,113.31467514123773
corrected,868,0.014511063694953918,0.0067237565371800105,0.019232839345932007,277.3105942219804
corrected,869,0.005672056693583727,0.0125184870663364,0.03458297252655029,160.69778875736156
corrected,870,0.011702102608978748,0.009114881103135571,0.003927111625671387,73.49620013541761
corrected,871,0.007529023569077253,0.01271357067035157,0.002961277961730957,104.04120159951205
corrected,872,0.01293979026377201,0.005417956340940659,0.0012832880020141602,74.09332764877018
corrected,873,0.011148357763886452,0.005912484553263106,0.004445850849151611,106.79645255476439
corrected,874,0.006169233936816454,0.015073858602426231,0.006181061267852783,141.86526045427004
corrected,875,0.0057312240824103355,0.013244933118871703,0.011715203523635864,146.8405852096123
corrected,876,0.0024525586050003767,0.028453008698041904,0.015369653701782227,222.98845927778282
corrected,877,0.006983604747802019,0.01741139155018896,0.008430302143096924,101.43542308308382
corrected,878,0.0051430934108793736,0.0060835649468568235,0.0018764138221740723,87.85988517889791
corrected,879,0.018718469887971878,0.028342397915816022,0.04050862789154053,271.32731658004656
corrected,880,0.0048681204207241535,0.0021565035582016188,0.0007009506225585938,75.40446798276909
corrected,881,0.003919128328561783,0.012512517040176578,0.0058762431144714355,140.29138411840947
corrected,882,0.00941352266818285,0.018520929509340714,0.014735221862792969,140.2648287564316
corrected,883,0.011300250887870789,0.014823842932224758,0.003387272357940674,62.08415771266714
corrected,884,0.0132183488458395,0.00873487769678902,0.030575841665267944,307.0173885908847
corrected,885,0.004300450440496206,0.003917661773557327,0.004915714263916016,107.02809606750613
corrected,886,0.011184962466359138,0.008854750967405275,0.0031437277793884277,69.50404042068585
corrected,887,0.004080392420291901,0.034747557208689175,0.019114017486572266,249.13077916232984
corrected,888,0.008888010866940022,0.0065888698970435694,0.001295626163482666,80.85593705355208
corrected,889,0.01433437317609787,0.013783192115471346,0.007623195648193359,132.7947964238091
corrected,890,0.012547585181891918,0.007115664294438552,0.0010459423065185547,60.635236507010475
corrected,891,0.004651498049497604,0.005786159162582371,0.004756331443786621,94.95866318337967
corrected,892,0.007113498169928789,0.004911319165809296,0.0013563036918640137,74.4304978357786
corrected,893,0.004408401902765036,0.004128628370180325,0.0006378889083862305,64.74942151498583
corrected,894,0.007808320689946413,0.025905582427386383,0.008279204368591309,94.94784069472459
corrected,895,0.01306748203933239,0.008641347554596475,0.03545376658439636,302.1330703135381
corrected,896,0.0014501975383609533,0.004983437452497552,0.001198887825012207,85.38197150455021
corrected,897,0.013921082019805908,0.010466763273411015,0.009813487529754639,102.10867876787013
corrected,898,0.007175895851105452,0.015148849028462738,0.03221835196018219,259.5064063709567
corrected,899,0.004891517106443644,0.003334614775374131,0.0011832714080810547,73.99640956899974
corrected,900,0.00622911611571908,0.025416847598466255,0.002579808235168457,87.06981566218172
corrected,901,0.011225836351513863,0.01632695369755318,0.04998674988746643,368.3868228635122
corrected,902,0.0060215480625629425,0.015514081175418484,0.034332484006881714,204.97520057183212
corrected,903,0.013714942149817944,0.01654539534045789,0.0019752979278564453,110.33908792694172
corrected,904,0.012292264960706234,0.010774233776179793,0.005090296268463135,96.3960354262944
corrected,905,0.009757245890796185,0.007240143497296719,0.062358707189559937,422.40022405773
corrected,906,0.0090345973148942,0.005330241132581403,0.05826793611049652,507.477094276559
corrected,907,0.004899031948298216,0.019557246758300336,0.029906749725341797,174.38688420364903
corrected,908,0.0042221988551318645,0.01005212873714378,0.008306622505187988,103.03574344772477
corrected,909,0.012889676727354527,0.001865813731424425,0.00362473726272583,108.21851901281347
corrected,910,0.005115962587296963,0.0044169993310281055,0.00229799747467041,92.91264811011564
corrected,911,0.013003868982195854,0.005182317843265515,0.0032796263694763184,98.33653370805821
corrected,912,0.004224979318678379,0.030531515655870714,0.002040386199951172,75.8400222228474
corrected,913,0.006272486876696348,0.0022441540800868694,0.005598604679107666,86.9839104598143
corrected,914,0.005243171937763691,0.0038605802685888675,0.00038382411003112793,63.36436961710232
corrected,915,0.01153020653873682,0.00785902028198608,0.014103889465332031,210.20688710606882
corrected,916,0.0129833510145545,0.01572077415032402,0.0042885541915893555,218.22611930664846
corrected,917,0.014980122447013855,0.006327146004042449,0.0007041692733764648,66.56667424638695
corrected,918,0.00835641473531723,0.00791347469566746,0.010690078139305115,695.8141071624566
corrected,919,0.0047264001332223415,0.015236384533022514,0.008653640747070312,195.40901469362623
corrected,920,0.009332395158708096,0.009423019211085059,0.00973963737487793,120.58273098829184
corrected,921,0.007759112864732742,0.009001447914699102,0.0005443096160888672,65.15983831895751
corrected,922,0.015322161838412285,0.014971053702825707,0.007238209247589111,221.59475787626937
corrected,923,0.008457232266664505,0.01290612313453845,0.007014095783233643,119.99425349558473
corrected,924,0.006222886964678764,0.01816690680007976,0.015091300010681152,147.9349496611634
corrected,925,0.007404868956655264,0.010448344320721819,0.02815955877304077,217.40534465705173
corrected,926,0.013347674161195755,0.012424665835349796,0.0018694400787353516,71.94638701572414
corrected,927,0.011324065737426281,0.009174231845601226,0.002035200595855713,105.2935974678116
corrected,928,0.0047165397554636,0.0014385540332716347,0.008015990257263184,115.12884415704131
corrected,929,0.010972988791763783,0.004922574227713045,0.019402623176574707,136.50135618050405
corrected,930,0.013607433997094631,0.014238359262876931,0.009088277816772461,108.49562377186069
corrected,931,0.010741379112005234,0.006442228447792693,0.0019648075103759766,60.40673789405717
corrected,932,0.013040113262832165,0.0172874208431342,0.01133584976196289,104.84949745382832
corrected,933,0.008760740980505943,0.0016646258740916212,0.00606304407119751,446.92891711607655
corrected,934,0.012979983352124691,0.014171064760603503,0.01862955093383789,194.18480981045025
corrected,935,0.015249255113303661,0.007450311769707221,0.0006502866744995117,62.82928418426218
corrected,936,0.006124840117990971,0.0030399320181816536,0.0009597241878509521,97.37049375406173
corrected,937,0.00593462772667408,0.010272290146777871,0.022988080978393555,122.81749953056554
corrected,938,0.004529146011918783,0.0025072704980087794,0.0028630495071411133,96.09813971776197
corrected,939,0.004553825128823519,0.01365538161920241,0.008846759796142578,101.96870122548322
corrected,940,0.012547370046377182,0.010583764642316508,0.0014525055885314941,87.04420470552434
corrected,941,0.009845459833741188,0.0026901866262026564,0.0020012855529785156,90.97691527368603
corrected,942,0.005179208237677813,0.010024653984342297,0.0007090568542480469,64.15866398891438
corrected,943,0.016606563702225685,0.01583667170198481,0.016682446002960205,184.1310076051597
corrected,944,0.007436720188707113,0.028425532234243597,0.023122429847717285,166.8728576721736
corrected,945,0.005958390887826681,0.0059770588387102214,0.0030693411827087402,96.61203711290726
corrected,946,0.006353465840220451,0.02212420446111693,0.01819676160812378,150.0958135105918
corrected,947,0.0028716796077787876,0.0027003955275991874,0.005451679229736328,109.47532906643441
corrected,948,0.012531490065157413,0.013070146934514519,0.0033143162727355957,106.2094382113977
corrected,949,0.015163613483309746,0.011936601104509973,0.0017032623291015625,72.30093877489813
corrected,950,0.0036364539992064238,0.006123289637459089,0.005448877811431885,116.49223139737751
corrected,951,0.005333342589437962,0.002719707709656408,0.019002705812454224,219.70514268250488
corrected,952,0.015047608874738216,0.005826771921503538,0.000790715217590332,66.82585677980134
corrected,953,0.007894786074757576,0.015989332630115108,0.046367108821868896,404.5182602912576
corrected,954,0.00988893024623394,0.020926899846452473,0.02328622341156006,121.02156602061915
corrected,955,0.006866188254207373,0.007744094619240996,0.011634975671768188,241.23361923599572
corrected,956,0.004996176343411207,0.010122644928920977,0.003000497817993164,91.08775553780262
corrected,957,0.013066649436950684,0.009531237856272608,0.00042068958282470703,60.88962444435308
corrected,958,0.006750364322215319,0.004453327268253097,0.00827491283416748,111.57077402424
corrected,959,0.0064473520033061504,0.0036962686804293153,0.0008890628814697266,76.77788217601561
corrected,960,0.006266361102461815,0.01105236245805816,0.010390400886535645,151.46607436093493
corrected,961,0.011849441565573215,0.009575339550585163,0.013808012008666992,206.46641974067464
corrected,962,0.006515661254525185,0.019064766211747682,0.0333402156829834,128.48847774371288
corrected,963,0.0049630580469965935,0.018349395253362953,0.007267117500305176,140.84073084690783
corrected,964,0.012782426550984383,0.023228131652687643,0.014705300331115723,107.82389272632594
corrected,965,0.004865925293415785,0.016309453548374955,0.05397528409957886,201.93896962301577
corrected,966,0.007283282931894064,0.009117036805389372,0.010526254773139954,238.13350463665796
corrected,967,0.010429956018924713,0.005130163864605635,0.01735416054725647,380.13628669400856
corrected,968,0.00905723124742508,0.008595731643946745,0.006891310214996338,121.6260173716899
corrected,969,0.011755049228668213,0.016608098008678702,0.02105635404586792,139.30434394166016
corrected,970,0.006204838398844004,0.0064137001164091025,0.0002530217170715332,53.89089280138497
corrected,971,0.006973860785365105,0.01745339703615431,0.012303650379180908,109.31344942248728
corrected,972,0.013839772902429104,0.010833215074500151,0.009517908096313477,158.7362958793703
corrected,973,0.0072641861625015736,0.013166528347319139,0.0009871721267700195,75.24243071970163
corrected,974,0.008093534968793392,0.024751454550815833,0.06686007976531982,449.031952428536
corrected,975,0.006170889362692833,0.0037582954124048855,0.0017628669738769531,70.48595863080388
corrected,976,0.014304917305707932,0.013506141993908831,0.0037288665771484375,88.67377723659827
corrected,977,0.01395063940435648,0.023009983996479924,0.011860251426696777,136.38041793149165
corrected,978,0.004619614686816931,0.004340187422413566,0.004877805709838867,112.1153747203842
corrected,979,0.006388694513589144,0.024712157982942233,0.026009321212768555,203.81288032142143
corrected,980,0.005758665967732668,0.0023837573665957358,0.0020581483840942383,88.97824805909391
corrected,981,0.007561572827398777,0.015170735070307508,0.026998385787010193,327.6574993278673
corrected,982,0.01341876108199358,0.017963904802280026,0.002600252628326416,79.32918152660298
corrected,983,0.009451969526708126,0.014638380061550228,0.005164623260498047,86.73804798550127
corrected,984,0.008616789244115353,0.00924323312388989,0.017635509371757507,551.1709227008818
corrected,985,0.014631861820816994,0.009994567744859705,0.00032460689544677734,58.303070445481936
corrected,986,0.013214047066867352,0.008068495323535053,0.009690344333648682,135.49401310960732
corrected,987,0.013414842076599598,0.028643987022752525,0.0323750376701355,136.70444425044977
corrected,988,0.012502606958150864,0.00383093947294391,0.0036209821701049805,107.34585472296553
corrected,989,0.00705866189673543,0.026506536321204442,0.05791302025318146,267.4261086558367
corrected,990,0.009775688871741295,0.004882281256158745,0.0015685558319091797,76.15433995720312
corrected,991,0.005217848811298609,0.004662561648082194,0.00433039665222168,103.51443034600034
corrected,992,0.008159086108207703,0.006476337537559765,0.006705760955810547,205.7178773589968
corrected,993,0.007117629982531071,0.016369645067425893,0.03752550482749939,287.2104268782227
corrected,994,0.0071059647016227245,0.022945877574564965,0.022750020027160645,138.11297510014643
corrected,995,0.014644005335867405,0.03152003172096866,0.0375363826751709,144.9217506511807
corrected,996,0.005305464845150709,0.01632583865102102,0.015150338411331177,143.81414666775163
corrected,997,0.008129637688398361,0.020143528982938,0.032615065574645996,208.22344193939028
corrected,998,0.008254418149590492,0.005762500715463489,0.014993175864219666,636.6922070406015
corrected,999,0.008610096760094166,0.009148944804494498,0.017712444067001343,492.0262733864993
corrected,1000,0.006199703551828861,0.008172983485139342,0.0021416544914245605,84.46345765964838
corrected,1001,0.011542030610144138,0.008975306963763353,0.000944972038269043,82.9112493622953
corrected,1002,0.008099150843918324,0.004543057232026876,0.0022478699684143066,96.66525328355462
corrected,1003,0.016922105103731155,0.011544682169516247,0.03177517652511597,256.0152530468675
corrected,1004,0.011055052280426025,0.006559162342806668,0.0002764463424682617,62.26364496425554
corrected,1005,0.013595267198979855,0.002640342773634006,0.00662076473236084,122.71404856465203
corrected,1006,0.011448059231042862,0.014081604918388727,0.009663224220275879,135.14239238798464
corrected,1007,0.006162991747260094,0.029598661086861884,0.02983999252319336,188.75674130488056
corrected,1008,0.018376974388957024,0.005324932637660573,0.007877826690673828,167.27135912351648
corrected,1009,0.009882382117211819,0.006774013152941797,0.00319063663482666,94.58541195505398
corrected,1010,0.008120097219944,0.004324091638565753,0.0005391836166381836,63.69734239334249
corrected,1011,0.005881514400243759,0.025795988296791885,0.005400121212005615,82.6915954283317
corrected,1012,0.007339427713304758,0.017421909889951438,0.013476908206939697,125.83503094450398
corrected,1013,0.0051940083503723145,0.011568058116669973,0.02179458737373352,166.3571221530524
corrected,1014,0.0062481132335960865,0.016350512263156678,0.007741749286651611,148.1757993628163
corrected,1015,0.007888560183346272,0.008904376558055179,0.005441546440124512,108.4177898973044
corrected,1016,0.01327133271843195,0.016273103497366836,0.015322118997573853,385.5833736227506
corrected,1017,0.01246485486626625,0.032474055267033675,0.029386401176452637,207.308126160427
corrected,1018,0.010656316764652729,0.02378055071806567,0.008885383605957031,95.82377832378297
corrected,1019,0.005720159970223904,0.0015894316624655703,0.0002592504024505615,71.98930834437397
corrected,1020,0.012053385376930237,0.007111345185318505,0.04276576638221741,336.3210193756677
corrected,1021,0.010081351734697819,0.021623182594698514,0.02002161741256714,144.8113583234762
corrected,1022,0.004786937031894922,0.005872265806823771,0.0014584064483642578,87.58119961106871
corrected,1023,0.015186070464551449,0.0067143735121600705,0.0007060766220092773,64.85581926334494
